team,name,position,passing,rushing,receiving,date
DAL,Dak Prescott,QB,403,13,0,2021-09-09
DAL,Ezekiel Elliott,RB,0,33,6,2021-09-09
DAL,Amari Cooper,WR,0,0,139,2021-09-09
DAL,CeeDee Lamb,WR,0,0,104,2021-09-09
DAL,Dalton Schultz,TE,0,0,45,2021-09-09
DAL,Blake Jarwin,TE,0,0,20,2021-09-09
TAM,Tom Brady,QB,379,0,0,2021-09-09
TAM,Leonard Fournette,RB,0,32,27,2021-09-09
TAM,Antonio Brown,WR,0,6,121,2021-09-09
TAM,Chris Godwin,WR,0,0,105,2021-09-09
TAM,Rob Gronkowski,TE,0,0,90,2021-09-09
TAM,Mike Evans,WR,0,0,24,2021-09-09
PHI,Jalen Hurts,QB,264,62,0,2021-09-12
PHI,Miles Sanders,RB,0,74,39,2021-09-12
PHI,DeVonta Smith,WR,0,0,71,2021-09-12
PHI,Dallas Goedert,TE,0,0,42,2021-09-12
PHI,Quez Watkins,WR,0,0,23,2021-09-12
ATL,Matt Ryan,QB,164,8,0,2021-09-12
ATL,Cordarrelle Patterson,RB,0,54,13,2021-09-12
ATL,Mike Davis,RB,0,49,23,2021-09-12
ATL,Calvin Ridley,WR,0,0,51,2021-09-12
ATL,Kyle Pitts,TE,0,0,31,2021-09-12
ATL,Hayden Hurst,TE,0,0,28,2021-09-12
SFO,Jimmy Garoppolo,QB,314,2,0,2021-09-12
SFO,Raheem Mostert,RB,0,20,0,2021-09-12
SFO,Deebo Samuel,WR,0,0,189,2021-09-12
SFO,George Kittle,TE,0,0,78,2021-09-12
SFO,Kyle Juszczyk,FB,0,0,7,2021-09-12
DET,Jared Goff,QB,338,14,0,2021-09-12
DET,Jamaal Williams,RB,0,54,56,2021-09-12
DET,Kalif Raymond,WR,0,9,50,2021-09-12
DET,T.J. Hockenson,TE,0,0,97,2021-09-12
DET,Tyrell Williams,WR,0,0,14,2021-09-12
DET,Darren Fells,TE,0,0,2,2021-09-12
NYJ,Zach Wilson,QB,258,0,0,2021-09-12
NYJ,Tevin Coleman,RB,0,24,0,2021-09-12
NYJ,Corey Davis,WR,0,0,97,2021-09-12
NYJ,Ryan Griffin,TE,0,0,22,2021-09-12
NYJ,Elijah Moore,WR,0,0,-3,2021-09-12
CAR,Sam Darnold,QB,279,-1,0,2021-09-12
CAR,Christian McCaffrey,RB,0,98,89,2021-09-12
CAR,D.J. Moore,WR,0,14,80,2021-09-12
CAR,Robby Anderson,WR,0,0,57,2021-09-12
CAR,Ian Thomas,TE,0,0,17,2021-09-12
CAR,Dan Arnold,TE,0,0,6,2021-09-12
JAX,Trevor Lawrence,QB,332,-2,0,2021-09-12
JAX,James Robinson,RB,0,25,29,2021-09-12
JAX,DJ Chark,WR,0,0,86,2021-09-12
JAX,Marvin Jones,WR,0,0,77,2021-09-12
JAX,James O'Shaughnessy,TE,0,0,48,2021-09-12
JAX,Chris Manhertz,TE,0,0,22,2021-09-12
HOU,Tyrod Taylor,QB,291,40,0,2021-09-12
HOU,Mark Ingram,RB,0,85,0,2021-09-12
HOU,Brandin Cooks,WR,0,0,132,2021-09-12
HOU,Pharaoh Brown,TE,0,0,67,2021-09-12
HOU,Chris Conley,WR,0,0,27,2021-09-12
MIN,Kirk Cousins,QB,351,0,0,2021-09-12
MIN,Justin Jefferson,WR,11,0,71,2021-09-12
MIN,Dalvin Cook,RB,0,61,43,2021-09-12
MIN,Adam Thielen,WR,0,0,92,2021-09-12
MIN,K.J. Osborn,WR,0,0,76,2021-09-12
MIN,C.J. Ham,FB,0,0,9,2021-09-12
CIN,Joe Burrow,QB,261,2,0,2021-09-12
CIN,Joe Mixon,RB,0,127,23,2021-09-12
CIN,Tee Higgins,WR,0,0,58,2021-09-12
CIN,C.J. Uzomah,TE,0,0,35,2021-09-12
CIN,Ja'Marr Chase,WR,0,-2,101,2021-09-12
LAC,Justin Herbert,QB,337,-1,0,2021-09-12
LAC,Austin Ekeler,RB,0,57,0,2021-09-12
LAC,Keenan Allen,WR,0,0,100,2021-09-12
LAC,Mike Williams,WR,0,0,82,2021-09-12
LAC,Jared Cook,TE,0,0,56,2021-09-12
LAC,Jalen Guyton,WR,0,0,49,2021-09-12
WAS,Ryan Fitzpatrick,QB,13,2,0,2021-09-12
WAS,Antonio Gibson,RB,0,90,18,2021-09-12
WAS,Terry McLaurin,WR,0,0,62,2021-09-12
WAS,Logan Thomas,TE,0,0,30,2021-09-12
WAS,Adam Humphries,WR,0,0,10,2021-09-12
WAS,Dyami Brown,WR,0,0,-2,2021-09-12
PIT,Ben Roethlisberger,QB,188,5,0,2021-09-12
PIT,Najee Harris,RB,0,45,4,2021-09-12
PIT,JuJu Smith-Schuster,WR,0,0,52,2021-09-12
PIT,Diontae Johnson,WR,0,0,36,2021-09-12
PIT,Pat Freiermuth,TE,0,0,24,2021-09-12
PIT,Eric Ebron,TE,0,0,19,2021-09-12
BUF,Josh Allen,QB,270,44,0,2021-09-12
BUF,Stefon Diggs,WR,0,0,69,2021-09-12
BUF,Cole Beasley,WR,0,0,60,2021-09-12
BUF,Emmanuel Sanders,WR,0,0,52,2021-09-12
BUF,Gabriel Davis,WR,0,0,40,2021-09-12
BUF,Isaiah McKenzie,WR,0,-3,0,2021-09-12
SEA,Russell Wilson,QB,254,9,0,2021-09-12
SEA,Chris Carson,RB,0,91,26,2021-09-12
SEA,Tyler Lockett,WR,0,0,100,2021-09-12
SEA,D.K. Metcalf,WR,0,0,60,2021-09-12
SEA,Will Dissly,TE,0,0,37,2021-09-12
SEA,Gerald Everett,TE,0,0,20,2021-09-12
IND,Carson Wentz,QB,251,23,0,2021-09-12
IND,Jonathan Taylor,RB,0,56,60,2021-09-12
IND,Zach Pascal,WR,0,0,43,2021-09-12
IND,Michael Pittman Jr.,WR,0,0,29,2021-09-12
IND,Parris Campbell,WR,0,0,24,2021-09-12
IND,Jack Doyle,TE,0,0,21,2021-09-12
ARI,Kyler Murray,QB,289,20,0,2021-09-12
ARI,Chase Edmonds,RB,0,63,43,2021-09-12
ARI,DeAndre Hopkins,WR,0,0,83,2021-09-12
ARI,Rondale Moore,WR,0,0,68,2021-09-12
ARI,Maxx Williams,TE,0,0,0,2021-09-12
ARI,Demetrius Harris,TE,0,0,0,2021-09-12
TEN,Ryan Tannehill,QB,212,17,0,2021-09-12
TEN,Derrick Henry,RB,0,58,19,2021-09-12
TEN,A.J. Brown,WR,0,0,49,2021-09-12
TEN,Julio Jones,WR,0,0,29,2021-09-12
TEN,Amani Hooker,DB,0,0,6,2021-09-12
TEN,Geoff Swaim,TE,0,0,0,2021-09-12
GNB,Aaron Rodgers,QB,133,0,0,2021-09-12
GNB,Aaron Jones,RB,0,9,13,2021-09-12
GNB,Davante Adams,WR,0,0,56,2021-09-12
GNB,Marcedes Lewis,TE,0,0,19,2021-09-12
GNB,Marquez Valdes-Scantling,WR,0,0,17,2021-09-12
GNB,Allen Lazard,WR,0,0,16,2021-09-12
NOR,Jameis Winston,QB,148,37,0,2021-09-12
NOR,Alvin Kamara,RB,0,83,8,2021-09-12
NOR,Adam Trautman,TE,0,0,18,2021-09-12
NOR,Marquez Callaway,WR,0,0,14,2021-09-12
CLE,Baker Mayfield,QB,321,7,11,2021-09-12
CLE,Nick Chubb,RB,0,83,18,2021-09-12
CLE,Jarvis Landry,WR,0,13,71,2021-09-12
CLE,Austin Hooper,TE,0,0,27,2021-09-12
CLE,Donovan Peoples-Jones,WR,0,0,4,2021-09-12
CLE,Andy Janovich,FB,0,0,0,2021-09-12
KAN,Patrick Mahomes,QB,337,18,0,2021-09-12
KAN,Clyde Edwards-Helaire,RB,0,43,29,2021-09-12
KAN,Tyreek Hill,WR,0,4,197,2021-09-12
KAN,Travis Kelce,TE,0,0,76,2021-09-12
KAN,Mecole Hardman,WR,0,0,19,2021-09-12
KAN,Demarcus Robinson,WR,0,0,9,2021-09-12
DEN,Teddy Bridgewater,QB,264,19,0,2021-09-12
DEN,Melvin Gordon,RB,0,101,17,2021-09-12
DEN,Jerry Jeudy,WR,0,0,72,2021-09-12
DEN,Noah Fant,TE,0,0,62,2021-09-12
DEN,Tim Patrick,WR,0,0,39,2021-09-12
DEN,Courtland Sutton,WR,0,0,14,2021-09-12
NYG,Daniel Jones,QB,267,27,0,2021-09-12
NYG,Saquon Barkley,RB,0,26,1,2021-09-12
NYG,Sterling Shepard,WR,0,0,113,2021-09-12
NYG,Kenny Golladay,WR,0,0,64,2021-09-12
NYG,Elijhaa Penny,RB,0,0,0,2021-09-12
MIA,Tua Tagovailoa,QB,202,1,0,2021-09-12
MIA,Myles Gaskin,RB,0,49,27,2021-09-12
MIA,DeVante Parker,WR,0,0,81,2021-09-12
MIA,Jaylen Waddle,WR,0,0,61,2021-09-12
MIA,Durham Smythe,TE,0,0,9,2021-09-12
NWE,Mac Jones,QB,281,0,0,2021-09-12
NWE,Damien Harris,RB,0,100,17,2021-09-12
NWE,Jonnu Smith,TE,0,6,42,2021-09-12
NWE,Nelson Agholor,WR,0,0,72,2021-09-12
NWE,Jakobi Meyers,WR,0,0,44,2021-09-12
NWE,Hunter Henry,TE,0,0,31,2021-09-12
CHI,Andy Dalton,QB,206,13,0,2021-09-12
CHI,David Montgomery,RB,0,108,10,2021-09-12
CHI,Cole Kmet,TE,0,0,42,2021-09-12
CHI,Allen Robinson,WR,0,0,35,2021-09-12
CHI,Darnell Mooney,WR,0,0,26,2021-09-12
CHI,Jimmy Graham,TE,0,0,11,2021-09-12
LAR,Matthew Stafford,QB,321,-5,0,2021-09-12
LAR,Darrell Henderson,RB,0,70,17,2021-09-12
LAR,Robert Woods,WR,0,7,27,2021-09-12
LAR,Cooper Kupp,WR,0,0,108,2021-09-12
LAR,Van Jefferson,WR,0,0,80,2021-09-12
LAR,Tyler Higbee,TE,0,0,68,2021-09-12
BAL,Lamar Jackson,QB,235,86,0,2021-09-13
BAL,Ty'Son Williams,RB,0,65,29,2021-09-13
BAL,Marquise Brown,WR,0,5,69,2021-09-13
BAL,Sammy Watkins,WR,0,0,96,2021-09-13
BAL,Mark Andrews,TE,0,0,20,2021-09-13
BAL,Devin Duvernay,WR,0,0,6,2021-09-13
LVR,Derek Carr,QB,435,6,0,2021-09-13
LVR,Josh Jacobs,RB,0,34,6,2021-09-13
LVR,Darren Waller,TE,0,0,105,2021-09-13
LVR,Bryan Edwards,WR,0,0,81,2021-09-13
LVR,Henry Ruggs III,WR,0,0,46,2021-09-13
LVR,Alec Ingold,FB,0,0,22,2021-09-13
NYG,Daniel Jones,QB,249,95,0,2021-09-16
NYG,Saquon Barkley,RB,0,57,12,2021-09-16
NYG,Kenny Golladay,WR,0,0,38,2021-09-16
NYG,Kyle Rudolph,TE,0,0,25,2021-09-16
NYG,Kaden Smith,TE,0,0,24,2021-09-16
NYG,Sterling Shepard,WR,0,-9,94,2021-09-16
WAS,Taylor Heinicke,QB,336,6,0,2021-09-16
WAS,Antonio Gibson,RB,0,69,4,2021-09-16
WAS,Terry McLaurin,WR,0,0,107,2021-09-16
WAS,Logan Thomas,TE,0,0,45,2021-09-16
WAS,Adam Humphries,WR,0,0,44,2021-09-16
WAS,Dyami Brown,WR,0,0,34,2021-09-16
DEN,Teddy Bridgewater,QB,328,1,0,2021-09-19
DEN,Melvin Gordon,RB,0,31,38,2021-09-19
DEN,Courtland Sutton,WR,0,0,159,2021-09-19
DEN,Tim Patrick,WR,0,0,37,2021-09-19
DEN,Noah Fant,TE,0,0,33,2021-09-19
DEN,KJ Hamler,WR,0,0,5,2021-09-19
JAX,Trevor Lawrence,QB,118,21,0,2021-09-19
JAX,James Robinson,RB,0,47,17,2021-09-19
JAX,Marvin Jones,WR,0,0,55,2021-09-19
JAX,James O'Shaughnessy,TE,0,0,24,2021-09-19
JAX,DJ Chark,WR,0,0,19,2021-09-19
JAX,Chris Manhertz,TE,0,0,0,2021-09-19
BUF,Josh Allen,QB,179,35,0,2021-09-19
BUF,Devin Singletary,RB,0,82,9,2021-09-19
BUF,Stefon Diggs,WR,0,0,60,2021-09-19
BUF,Emmanuel Sanders,WR,0,0,48,2021-09-19
BUF,Cole Beasley,WR,0,0,36,2021-09-19
BUF,Dawson Knox,TE,0,0,17,2021-09-19
MIA,Tua Tagovailoa,QB,13,0,0,2021-09-19
MIA,Myles Gaskin,RB,0,25,21,2021-09-19
MIA,Jaylen Waddle,WR,0,0,48,2021-09-19
MIA,DeVante Parker,WR,0,0,42,2021-09-19
MIA,Cethan Carter,TE,0,0,8,2021-09-19
CIN,Joe Burrow,QB,207,0,0,2021-09-19
CIN,Joe Mixon,RB,0,69,2,2021-09-19
CIN,Tyler Boyd,WR,0,0,73,2021-09-19
CIN,Tee Higgins,WR,0,0,60,2021-09-19
CIN,Ja'Marr Chase,WR,0,0,54,2021-09-19
CIN,C.J. Uzomah,TE,0,0,4,2021-09-19
CHI,Andy Dalton,QB,56,25,0,2021-09-19
CHI,David Montgomery,RB,0,61,18,2021-09-19
CHI,Darnell Mooney,WR,0,0,66,2021-09-19
CHI,Allen Robinson,WR,0,0,24,2021-09-19
CHI,Cole Kmet,TE,0,0,0,2021-09-19
NWE,Mac Jones,QB,186,0,0,2021-09-19
NWE,Damien Harris,RB,0,62,2,2021-09-19
NWE,Hunter Henry,TE,0,0,42,2021-09-19
NWE,Jakobi Meyers,WR,0,0,38,2021-09-19
NWE,Nelson Agholor,WR,0,0,21,2021-09-19
NYJ,Zach Wilson,QB,210,19,0,2021-09-19
NYJ,Ty Johnson,RB,0,50,0,2021-09-19
NYJ,Elijah Moore,WR,0,0,47,2021-09-19
NYJ,Ryan Griffin,TE,0,0,10,2021-09-19
NYJ,Tyler Kroft,TE,0,0,8,2021-09-19
NYJ,Corey Davis,WR,0,0,8,2021-09-19
LAR,Matthew Stafford,QB,278,1,0,2021-09-19
LAR,Darrell Henderson,RB,0,53,29,2021-09-19
LAR,Robert Woods,WR,0,6,64,2021-09-19
LAR,Van Jefferson,WR,0,0,14,2021-09-19
LAR,Tyler Higbee,TE,0,0,8,2021-09-19
LAR,Cooper Kupp,WR,0,-5,163,2021-09-19
IND,Carson Wentz,QB,247,37,0,2021-09-19
IND,Jonathan Taylor,RB,0,51,2,2021-09-19
IND,Michael Pittman Jr.,WR,0,0,123,2021-09-19
IND,Jack Doyle,TE,0,0,64,2021-09-19
IND,Zach Pascal,WR,0,0,38,2021-09-19
IND,Ashton Dulin,WR,0,0,10,2021-09-19
NOR,Jameis Winston,QB,111,19,0,2021-09-19
NOR,Taysom Hill,TE,0,16,0,2021-09-19
NOR,Tony Jones,RB,0,7,0,2021-09-19
NOR,Alvin Kamara,RB,0,5,25,2021-09-19
NOR,Chris Hogan,WR,0,0,16,2021-09-19
NOR,Ty Montgomery,WR,0,0,3,2021-09-19
CAR,Sam Darnold,QB,305,7,0,2021-09-19
CAR,Christian McCaffrey,RB,0,72,65,2021-09-19
CAR,D.J. Moore,WR,0,0,79,2021-09-19
CAR,Robby Anderson,WR,0,0,38,2021-09-19
CAR,Terrace Marshall Jr.,WR,0,0,17,2021-09-19
HOU,Tyrod Taylor,QB,125,15,0,2021-09-19
HOU,Mark Ingram,RB,0,41,-1,2021-09-19
HOU,Brandin Cooks,WR,0,0,78,2021-09-19
HOU,Nico Collins,WR,0,0,32,2021-09-19
HOU,Jordan Akins,TE,0,0,17,2021-09-19
HOU,Pharaoh Brown,TE,0,0,0,2021-09-19
CLE,Baker Mayfield,QB,213,10,0,2021-09-19
CLE,Nick Chubb,RB,0,95,3,2021-09-19
CLE,Austin Hooper,TE,0,0,40,2021-09-19
CLE,David Njoku,TE,0,0,18,2021-09-19
CLE,Jarvis Landry,WR,0,0,9,2021-09-19
CLE,Andy Janovich,FB,0,0,0,2021-09-19
SFO,Jimmy Garoppolo,QB,189,20,0,2021-09-19
SFO,Elijah Mitchell,RB,0,42,11,2021-09-19
SFO,Deebo Samuel,WR,0,8,93,2021-09-19
SFO,Kyle Juszczyk,FB,0,2,15,2021-09-19
SFO,George Kittle,TE,0,0,17,2021-09-19
SFO,Brandon Aiyuk,WR,0,0,6,2021-09-19
PHI,Jalen Hurts,QB,190,82,0,2021-09-19
PHI,Miles Sanders,RB,0,55,4,2021-09-19
PHI,Dallas Goedert,TE,0,0,24,2021-09-19
PHI,DeVonta Smith,WR,0,0,16,2021-09-19
PHI,Zach Ertz,TE,0,0,6,2021-09-19
PHI,Jalen Reagor,WR,0,0,5,2021-09-19
LVR,Derek Carr,QB,382,9,0,2021-09-19
LVR,Kenyan Drake,RB,0,9,46,2021-09-19
LVR,Henry Ruggs III,WR,0,2,113,2021-09-19
LVR,Darren Waller,TE,0,0,65,2021-09-19
LVR,Foster Moreau,TE,0,0,34,2021-09-19
LVR,Derek Carrier,TE,0,0,13,2021-09-19
PIT,Ben Roethlisberger,QB,295,0,0,2021-09-19
PIT,Najee Harris,RB,0,38,43,2021-09-19
PIT,JuJu Smith-Schuster,WR,0,3,41,2021-09-19
PIT,Diontae Johnson,WR,0,0,105,2021-09-19
PIT,Pat Freiermuth,TE,0,0,36,2021-09-19
PIT,Chase Claypool,WR,0,-3,70,2021-09-19
MIN,Kirk Cousins,QB,244,35,0,2021-09-19
MIN,Dalvin Cook,RB,0,131,17,2021-09-19
MIN,K.J. Osborn,WR,0,0,91,2021-09-19
MIN,Justin Jefferson,WR,0,0,65,2021-09-19
MIN,Adam Thielen,WR,0,0,39,2021-09-19
MIN,Tyler Conklin,TE,0,0,15,2021-09-19
ARI,Kyler Murray,QB,400,31,0,2021-09-19
ARI,Chase Edmonds,RB,0,46,29,2021-09-19
ARI,Rondale Moore,WR,0,0,114,2021-09-19
ARI,Maxx Williams,TE,0,0,94,2021-09-19
ARI,Christian Kirk,WR,0,0,65,2021-09-19
ARI,DeAndre Hopkins,WR,0,0,54,2021-09-19
ATL,Matt Ryan,QB,300,3,0,2021-09-19
ATL,Mike Davis,RB,0,38,25,2021-09-19
ATL,Keith Smith,FB,0,3,0,2021-09-19
ATL,Kyle Pitts,TE,0,0,73,2021-09-19
ATL,Calvin Ridley,WR,0,0,63,2021-09-19
ATL,Lee Smith,TE,0,0,9,2021-09-19
TAM,Tom Brady,QB,276,6,0,2021-09-19
TAM,Ronald Jones II,RB,0,27,9,2021-09-19
TAM,Mike Evans,WR,0,0,75,2021-09-19
TAM,Chris Godwin,WR,0,0,62,2021-09-19
TAM,Rob Gronkowski,TE,0,0,39,2021-09-19
TAM,O.J. Howard,TE,0,0,21,2021-09-19
TEN,Ryan Tannehill,QB,347,27,0,2021-09-19
TEN,Derrick Henry,RB,0,182,55,2021-09-19
TEN,Julio Jones,WR,0,0,128,2021-09-19
TEN,A.J. Brown,WR,0,0,43,2021-09-19
TEN,Geoff Swaim,TE,0,0,10,2021-09-19
SEA,Russell Wilson,QB,343,16,0,2021-09-19
SEA,Chris Carson,RB,0,31,0,2021-09-19
SEA,Tyler Lockett,WR,0,0,178,2021-09-19
SEA,D.K. Metcalf,WR,0,0,53,2021-09-19
SEA,Gerald Everett,TE,0,0,3,2021-09-19
DAL,Dak Prescott,QB,237,0,0,2021-09-19
DAL,Ezekiel Elliott,RB,0,71,26,2021-09-19
DAL,CeeDee Lamb,WR,0,13,81,2021-09-19
DAL,Blake Jarwin,TE,0,0,37,2021-09-19
DAL,Amari Cooper,WR,0,0,24,2021-09-19
DAL,Dalton Schultz,TE,0,0,18,2021-09-19
LAC,Justin Herbert,QB,338,12,0,2021-09-19
LAC,Austin Ekeler,RB,0,54,61,2021-09-19
LAC,Keenan Allen,WR,0,0,108,2021-09-19
LAC,Mike Williams,WR,0,0,91,2021-09-19
LAC,Jared Cook,TE,0,0,28,2021-09-19
KAN,Patrick Mahomes,QB,343,3,0,2021-09-19
KAN,Clyde Edwards-Helaire,RB,0,46,0,2021-09-19
KAN,Tyreek Hill,WR,0,15,14,2021-09-19
KAN,Travis Kelce,TE,0,0,109,2021-09-19
KAN,Mecole Hardman,WR,0,0,55,2021-09-19
KAN,Demarcus Robinson,WR,0,0,46,2021-09-19
BAL,Lamar Jackson,QB,239,107,0,2021-09-19
BAL,Ty'Son Williams,RB,0,77,16,2021-09-19
BAL,Patrick Ricard,FB,0,2,0,2021-09-19
BAL,Marquise Brown,WR,0,0,113,2021-09-19
BAL,Sammy Watkins,WR,0,0,44,2021-09-19
DET,Jared Goff,QB,246,46,0,2021-09-20
DET,Jamaal Williams,RB,0,25,12,2021-09-20
DET,T.J. Hockenson,TE,0,0,66,2021-09-20
DET,Quintez Cephus,WR,0,0,63,2021-09-20
DET,Kalif Raymond,WR,0,0,18,2021-09-20
GNB,Aaron Rodgers,QB,255,6,0,2021-09-20
GNB,Aaron Jones,RB,0,67,48,2021-09-20
GNB,Davante Adams,WR,0,0,121,2021-09-20
GNB,Marquez Valdes-Scantling,WR,0,0,0,2021-09-20
CAR,Sam Darnold,QB,304,11,0,2021-09-23
CAR,Christian McCaffrey,RB,0,31,9,2021-09-23
CAR,Robby Anderson,WR,0,0,8,2021-09-23
CAR,D.J. Moore,WR,0,-1,126,2021-09-23
HOU,Davis Mills,QB,168,0,0,2021-09-23
HOU,Mark Ingram,RB,0,21,-1,2021-09-23
HOU,Brandin Cooks,WR,0,5,112,2021-09-23
HOU,Chris Conley,WR,0,0,0,2021-09-23
ATL,Matt Ryan,QB,243,-1,0,2021-09-26
ATL,Mike Davis,RB,0,50,20,2021-09-26
ATL,Calvin Ridley,WR,0,0,61,2021-09-26
ATL,Kyle Pitts,TE,0,0,35,2021-09-26
ATL,Lee Smith,TE,0,0,7,2021-09-26
NYG,Daniel Jones,QB,266,39,0,2021-09-26
NYG,Saquon Barkley,RB,0,51,43,2021-09-26
NYG,Kenny Golladay,WR,0,0,64,2021-09-26
NYG,Evan Engram,TE,0,0,21,2021-09-26
NYG,Sterling Shepard,WR,0,0,16,2021-09-26
BAL,Lamar Jackson,QB,287,58,0,2021-09-26
BAL,Ty'Son Williams,RB,0,22,0,2021-09-26
BAL,Mark Andrews,TE,0,0,109,2021-09-26
BAL,Sammy Watkins,WR,0,0,68,2021-09-26
BAL,Marquise Brown,WR,0,0,53,2021-09-26
DET,Jared Goff,QB,217,4,0,2021-09-26
DET,Jamaal Williams,RB,0,42,25,2021-09-26
DET,Kalif Raymond,WR,0,0,68,2021-09-26
DET,Darren Fells,TE,0,0,35,2021-09-26
DET,T.J. Hockenson,TE,0,0,10,2021-09-26
LAC,Justin Herbert,QB,281,16,0,2021-09-26
LAC,Austin Ekeler,RB,0,55,52,2021-09-26
LAC,Keenan Allen,WR,0,0,50,2021-09-26
LAC,Jared Cook,TE,0,0,27,2021-09-26
LAC,Donald Parham,TE,0,0,19,2021-09-26
KAN,Patrick Mahomes,QB,260,45,0,2021-09-26
KAN,Clyde Edwards-Helaire,RB,0,100,9,2021-09-26
KAN,Tyreek Hill,WR,0,11,56,2021-09-26
KAN,Mecole Hardman,WR,0,2,33,2021-09-26
KAN,Travis Kelce,TE,0,0,104,2021-09-26
KAN,Demarcus Robinson,WR,0,0,17,2021-09-26
NOR,Jameis Winston,QB,128,4,0,2021-09-26
NOR,Alvin Kamara,RB,0,89,29,2021-09-26
NOR,Taysom Hill,TE,0,32,0,2021-09-26
NOR,Marquez Callaway,WR,0,0,41,2021-09-26
NWE,Mac Jones,QB,270,28,0,2021-09-26
NWE,Damien Harris,RB,0,14,-3,2021-09-26
NWE,Kendrick Bourne,WR,0,0,96,2021-09-26
NWE,Jakobi Meyers,WR,0,0,94,2021-09-26
NWE,Nelson Agholor,WR,0,0,17,2021-09-26
NWE,Jonnu Smith,TE,0,0,4,2021-09-26
WAS,Taylor Heinicke,QB,212,21,-2,2021-09-26
WAS,J.D. McKissic,RB,0,23,15,2021-09-26
WAS,Terry McLaurin,WR,0,0,62,2021-09-26
WAS,Logan Thomas,TE,0,0,42,2021-09-26
WAS,Adam Humphries,WR,0,0,7,2021-09-26
WAS,Dyami Brown,WR,0,-4,0,2021-09-26
BUF,Josh Allen,QB,358,9,0,2021-09-26
BUF,Devin Singletary,RB,0,26,0,2021-09-26
BUF,Emmanuel Sanders,WR,0,0,94,2021-09-26
BUF,Stefon Diggs,WR,0,0,62,2021-09-26
BUF,Dawson Knox,TE,0,0,49,2021-09-26
BUF,Reggie Gilliam,FB,0,0,0,2021-09-26
CHI,Justin Fields,QB,68,12,0,2021-09-26
CHI,David Montgomery,RB,0,34,21,2021-09-26
CHI,Allen Robinson,WR,0,0,27,2021-09-26
CHI,Cole Kmet,TE,0,0,11,2021-09-26
CHI,Darnell Mooney,WR,0,0,9,2021-09-26
CHI,Jimmy Graham,TE,0,0,0,2021-09-26
CLE,Baker Mayfield,QB,246,31,0,2021-09-26
CLE,Nick Chubb,RB,0,84,0,2021-09-26
CLE,Odell Beckham Jr.,WR,0,10,77,2021-09-26
CLE,Austin Hooper,TE,0,0,19,2021-09-26
CLE,Harrison Bryant,TE,0,0,0,2021-09-26
CIN,Joe Burrow,QB,172,7,0,2021-09-26
CIN,Joe Mixon,RB,0,90,4,2021-09-26
CIN,Ja'Marr Chase,WR,0,0,65,2021-09-26
CIN,Tyler Boyd,WR,0,0,36,2021-09-26
CIN,C.J. Uzomah,TE,0,0,0,2021-09-26
PIT,Ben Roethlisberger,QB,318,5,0,2021-09-26
PIT,Najee Harris,RB,0,40,102,2021-09-26
PIT,Chase Claypool,WR,0,0,96,2021-09-26
PIT,JuJu Smith-Schuster,WR,0,0,25,2021-09-26
PIT,James Washington,WR,0,0,20,2021-09-26
IND,Carson Wentz,QB,194,0,0,2021-09-26
IND,Jonathan Taylor,RB,0,64,8,2021-09-26
IND,Michael Pittman Jr.,WR,0,5,68,2021-09-26
IND,Zach Pascal,WR,0,0,31,2021-09-26
IND,Jack Doyle,TE,0,0,10,2021-09-26
IND,Parris Campbell,WR,0,0,9,2021-09-26
TEN,Ryan Tannehill,QB,197,56,0,2021-09-26
TEN,Derrick Henry,RB,0,113,31,2021-09-26
TEN,A.J. Brown,WR,0,3,0,2021-09-26
TEN,Nick Westbrook-Ikhine,WR,0,0,53,2021-09-26
TEN,Julio Jones,WR,0,0,47,2021-09-26
TEN,Geoff Swaim,TE,0,0,27,2021-09-26
ARI,Kyler Murray,QB,316,19,0,2021-09-26
ARI,Chase Edmonds,RB,0,26,49,2021-09-26
ARI,A.J. Green,WR,0,0,112,2021-09-26
ARI,DeAndre Hopkins,WR,0,0,21,2021-09-26
ARI,Maxx Williams,TE,0,0,19,2021-09-26
JAX,Trevor Lawrence,QB,219,27,0,2021-09-26
JAX,James Robinson,RB,0,88,46,2021-09-26
JAX,Marvin Jones,WR,0,0,62,2021-09-26
JAX,DJ Chark,WR,0,0,49,2021-09-26
JAX,Jacob Hollister,TE,0,0,15,2021-09-26
MIA,Jacoby Brissett,QB,215,37,0,2021-09-26
MIA,Malcolm Brown,RB,0,31,0,2021-09-26
MIA,Jaylen Waddle,WR,0,0,58,2021-09-26
MIA,DeVante Parker,WR,0,0,42,2021-09-26
LVR,Derek Carr,QB,386,-2,0,2021-09-26
LVR,Kenyan Drake,RB,0,24,33,2021-09-26
LVR,Henry Ruggs III,WR,0,7,78,2021-09-26
LVR,Bryan Edwards,WR,0,0,89,2021-09-26
LVR,Darren Waller,TE,0,0,54,2021-09-26
LVR,Foster Moreau,TE,0,0,8,2021-09-26
NYJ,Zach Wilson,QB,160,2,0,2021-09-26
NYJ,Michael Carter,RB,0,24,5,2021-09-26
NYJ,Michael Carter,CB,0,24,5,2021-09-26
NYJ,Corey Davis,WR,0,0,41,2021-09-26
NYJ,Elijah Moore,WR,0,0,22,2021-09-26
NYJ,Tyler Kroft,TE,0,0,12,2021-09-26
NYJ,Ryan Griffin,TE,0,0,5,2021-09-26
DEN,Teddy Bridgewater,QB,235,24,0,2021-09-26
DEN,Melvin Gordon,RB,0,60,21,2021-09-26
DEN,Tim Patrick,WR,0,0,98,2021-09-26
DEN,Courtland Sutton,WR,0,0,37,2021-09-26
DEN,KJ Hamler,WR,0,0,28,2021-09-26
DEN,Noah Fant,TE,0,0,15,2021-09-26
TAM,Tom Brady,QB,432,14,0,2021-09-26
TAM,Leonard Fournette,RB,0,8,26,2021-09-26
TAM,Chris Godwin,WR,0,2,74,2021-09-26
TAM,Mike Evans,WR,0,0,106,2021-09-26
TAM,Rob Gronkowski,TE,0,0,55,2021-09-26
TAM,O.J. Howard,TE,0,0,11,2021-09-26
LAR,Matthew Stafford,QB,343,-2,0,2021-09-26
LAR,Sony Michel,RB,0,67,12,2021-09-26
LAR,Robert Woods,WR,0,5,33,2021-09-26
LAR,Cooper Kupp,WR,0,0,96,2021-09-26
LAR,Van Jefferson,WR,0,0,42,2021-09-26
LAR,Tyler Higbee,TE,0,0,40,2021-09-26
SEA,Russell Wilson,QB,298,7,0,2021-09-26
SEA,Chris Carson,RB,0,80,2,2021-09-26
SEA,D.K. Metcalf,WR,0,0,107,2021-09-26
SEA,Gerald Everett,TE,0,0,54,2021-09-26
SEA,Will Dissly,TE,0,0,39,2021-09-26
SEA,Tyler Lockett,WR,0,0,31,2021-09-26
MIN,Kirk Cousins,QB,323,2,0,2021-09-26
MIN,Alexander Mattison,RB,0,112,59,2021-09-26
MIN,C.J. Ham,FB,0,2,0,2021-09-26
MIN,Justin Jefferson,WR,0,0,118,2021-09-26
MIN,Tyler Conklin,TE,0,0,70,2021-09-26
MIN,Adam Thielen,WR,0,0,50,2021-09-26
GNB,Aaron Rodgers,QB,261,0,-4,2021-09-26
GNB,Aaron Jones,RB,0,82,14,2021-09-26
GNB,Davante Adams,WR,0,0,132,2021-09-26
GNB,Marquez Valdes-Scantling,WR,0,0,59,2021-09-26
GNB,Robert Tonyan,TE,0,0,6,2021-09-26
SFO,Jimmy Garoppolo,QB,257,4,0,2021-09-26
SFO,Trey Sermon,RB,0,31,3,2021-09-26
SFO,Kyle Juszczyk,FB,0,14,37,2021-09-26
SFO,George Kittle,TE,0,9,92,2021-09-26
SFO,Brandon Aiyuk,WR,0,8,37,2021-09-26
SFO,Deebo Samuel,WR,0,0,52,2021-09-26
PHI,Jalen Hurts,QB,326,35,0,2021-09-27
PHI,Miles Sanders,RB,0,27,28,2021-09-27
PHI,Dallas Goedert,TE,0,0,66,2021-09-27
PHI,Jalen Reagor,WR,0,0,53,2021-09-27
PHI,Quez Watkins,WR,0,0,46,2021-09-27
PHI,DeVonta Smith,WR,0,0,28,2021-09-27
DAL,Dak Prescott,QB,238,6,0,2021-09-27
DAL,Ezekiel Elliott,RB,0,95,21,2021-09-27
DAL,Dalton Schultz,TE,0,0,80,2021-09-27
DAL,Amari Cooper,WR,0,0,26,2021-09-27
DAL,Blake Jarwin,TE,0,0,14,2021-09-27
DAL,CeeDee Lamb,WR,0,-1,66,2021-09-27
JAX,Trevor Lawrence,QB,204,36,0,2021-09-30
JAX,James Robinson,RB,0,78,-2,2021-09-30
JAX,Laviska Shenault Jr.,WR,0,11,99,2021-09-30
JAX,Luke Farrell,TE,0,0,7,2021-09-30
JAX,Chris Manhertz,TE,0,0,7,2021-09-30
CIN,Joe Burrow,QB,348,4,0,2021-09-30
CIN,Joe Mixon,RB,0,67,0,2021-09-30
CIN,Tyler Boyd,WR,0,0,118,2021-09-30
CIN,C.J. Uzomah,TE,0,0,95,2021-09-30
CIN,Ja'Marr Chase,WR,0,0,77,2021-09-30
CIN,Mike Thomas,WR,0,0,0,2021-09-30
HOU,Davis Mills,QB,87,2,0,2021-10-03
HOU,Mark Ingram,RB,0,24,0,2021-10-03
HOU,Brandin Cooks,WR,0,0,47,2021-10-03
HOU,Anthony Miller,WR,0,0,3,2021-10-03
HOU,Chris Conley,WR,0,0,0,2021-10-03
BUF,Josh Allen,QB,248,41,0,2021-10-03
BUF,Devin Singletary,RB,0,79,7,2021-10-03
BUF,Emmanuel Sanders,WR,0,7,74,2021-10-03
BUF,Stefon Diggs,WR,0,0,114,2021-10-03
BUF,Dawson Knox,TE,0,0,37,2021-10-03
DET,Jared Goff,QB,299,8,0,2021-10-03
DET,Jamaal Williams,RB,0,66,0,2021-10-03
DET,Quintez Cephus,WR,0,0,83,2021-10-03
DET,Kalif Raymond,WR,0,0,46,2021-10-03
DET,T.J. Hockenson,TE,0,0,42,2021-10-03
CHI,Justin Fields,QB,209,9,0,2021-10-03
CHI,David Montgomery,RB,0,106,0,2021-10-03
CHI,Allen Robinson,WR,0,0,63,2021-10-03
CHI,Cole Kmet,TE,0,0,6,2021-10-03
CLE,Baker Mayfield,QB,155,11,0,2021-10-03
CLE,Nick Chubb,RB,0,100,5,2021-10-03
CLE,Odell Beckham Jr.,WR,0,4,27,2021-10-03
CLE,David Njoku,TE,0,0,17,2021-10-03
CLE,Austin Hooper,TE,0,0,11,2021-10-03
MIN,Kirk Cousins,QB,203,0,0,2021-10-03
MIN,Dalvin Cook,RB,0,34,10,2021-10-03
MIN,C.J. Ham,FB,0,1,0,2021-10-03
MIN,Justin Jefferson,WR,0,0,84,2021-10-03
MIN,Adam Thielen,WR,0,0,46,2021-10-03
MIN,Tyler Conklin,TE,0,0,18,2021-10-03
IND,Carson Wentz,QB,228,8,0,2021-10-03
IND,Jonathan Taylor,RB,0,103,11,2021-10-03
IND,Michael Pittman Jr.,WR,0,0,59,2021-10-03
IND,Zach Pascal,WR,0,0,44,2021-10-03
IND,Mo Alie-Cox,TE,0,0,42,2021-10-03
IND,Parris Campbell,WR,0,0,22,2021-10-03
MIA,Jacoby Brissett,QB,199,8,0,2021-10-03
MIA,Malcolm Brown,RB,0,23,4,2021-10-03
MIA,DeVante Parker,WR,0,0,77,2021-10-03
MIA,Jaylen Waddle,WR,0,0,33,2021-10-03
MIA,Durham Smythe,TE,0,0,6,2021-10-03
MIA,Adam Shaheen,TE,0,0,0,2021-10-03
WAS,Taylor Heinicke,QB,290,43,0,2021-10-03
WAS,Antonio Gibson,RB,0,63,12,2021-10-03
WAS,Terry McLaurin,WR,0,0,123,2021-10-03
WAS,Adam Humphries,WR,0,0,19,2021-10-03
WAS,Curtis Samuel,WR,0,0,19,2021-10-03
ATL,Matt Ryan,QB,283,17,0,2021-10-03
ATL,Cordarrelle Patterson,RB,0,34,82,2021-10-03
ATL,Calvin Ridley,WR,0,0,80,2021-10-03
ATL,Kyle Pitts,TE,0,0,50,2021-10-03
ATL,Hayden Hurst,TE,0,0,29,2021-10-03
ATL,Olamide Zaccheaus,WR,0,0,15,2021-10-03
CAR,Sam Darnold,QB,301,35,0,2021-10-03
CAR,Chuba Hubbard,RB,0,57,14,2021-10-03
CAR,D.J. Moore,WR,0,6,113,2021-10-03
CAR,Robby Anderson,WR,0,3,46,2021-10-03
CAR,Terrace Marshall Jr.,WR,0,0,2,2021-10-03
CAR,Tommy Tremble,TE,0,0,0,2021-10-03
DAL,Dak Prescott,QB,188,35,0,2021-10-03
DAL,Ezekiel Elliott,RB,0,143,0,2021-10-03
DAL,Amari Cooper,WR,0,0,69,2021-10-03
DAL,Dalton Schultz,TE,0,0,58,2021-10-03
DAL,Blake Jarwin,TE,0,0,18,2021-10-03
DAL,CeeDee Lamb,WR,0,0,13,2021-10-03
KAN,Patrick Mahomes,QB,278,26,0,2021-10-03
KAN,Clyde Edwards-Helaire,RB,0,102,12,2021-10-03
KAN,Tyreek Hill,WR,0,0,186,2021-10-03
KAN,Travis Kelce,TE,0,0,23,2021-10-03
KAN,Byron Pringle,WR,0,0,23,2021-10-03
PHI,Jalen Hurts,QB,387,47,0,2021-10-03
PHI,Miles Sanders,RB,0,13,34,2021-10-03
PHI,Jalen Reagor,WR,0,12,9,2021-10-03
PHI,DeVonta Smith,WR,0,0,122,2021-10-03
PHI,Dallas Goedert,TE,0,0,56,2021-10-03
PHI,Quez Watkins,WR,0,0,33,2021-10-03
NYG,Daniel Jones,QB,402,27,0,2021-10-03
NYG,Saquon Barkley,RB,0,52,74,2021-10-03
NYG,Kadarius Toney,WR,0,1,78,2021-10-03
NYG,Kenny Golladay,WR,0,0,116,2021-10-03
NOR,Jameis Winston,QB,226,0,0,2021-10-03
NOR,Taysom Hill,WR,9,28,26,2021-10-03
NOR,Alvin Kamara,RB,0,120,0,2021-10-03
NOR,Marquez Callaway,WR,0,0,74,2021-10-03
NOR,Adam Trautman,TE,0,0,3,2021-10-03
NOR,Kenny Stills,WR,0,0,0,2021-10-03
TEN,Ryan Tannehill,QB,298,9,0,2021-10-03
TEN,Derrick Henry,RB,0,157,20,2021-10-03
TEN,Nick Westbrook-Ikhine,WR,0,0,29,2021-10-03
TEN,Anthony Firkser,TE,0,0,23,2021-10-03
TEN,MyCole Pruitt,TE,0,0,14,2021-10-03
TEN,Geoff Swaim,TE,0,0,0,2021-10-03
NYJ,Zach Wilson,QB,297,-2,0,2021-10-03
NYJ,Michael Carter,RB,0,38,-4,2021-10-03
NYJ,Corey Davis,WR,0,0,111,2021-10-03
NYJ,Keelan Cole,WR,0,0,92,2021-10-03
NYJ,Ryan Griffin,TE,0,0,8,2021-10-03
NYJ,Trevon Wesco,TE,0,0,0,2021-10-03
ARI,Kyler Murray,QB,268,39,0,2021-10-03
ARI,Chase Edmonds,RB,0,120,19,2021-10-03
ARI,A.J. Green,WR,0,0,67,2021-10-03
ARI,DeAndre Hopkins,WR,0,0,67,2021-10-03
ARI,Maxx Williams,TE,0,0,66,2021-10-03
ARI,Christian Kirk,WR,0,0,5,2021-10-03
LAR,Matthew Stafford,QB,280,21,0,2021-10-03
LAR,Darrell Henderson,RB,0,89,27,2021-10-03
LAR,Van Jefferson,WR,0,0,90,2021-10-03
LAR,Cooper Kupp,WR,0,0,64,2021-10-03
LAR,Robert Woods,WR,0,0,48,2021-10-03
LAR,Tyler Higbee,TE,0,0,36,2021-10-03
SEA,Russell Wilson,QB,149,26,0,2021-10-03
SEA,Chris Carson,RB,0,30,1,2021-10-03
SEA,D.K. Metcalf,WR,0,0,65,2021-10-03
SEA,Tyler Lockett,WR,0,0,24,2021-10-03
SEA,Freddie Swain,WR,0,0,20,2021-10-03
SEA,Will Dissly,TE,0,0,5,2021-10-03
SFO,Jimmy Garoppolo,QB,165,0,0,2021-10-03
SFO,Trey Sermon,RB,0,89,0,2021-10-03
SFO,Deebo Samuel,WR,0,1,156,2021-10-03
SFO,Kyle Juszczyk,FB,0,0,41,2021-10-03
SFO,George Kittle,TE,0,0,40,2021-10-03
SFO,Brandon Aiyuk,WR,0,0,15,2021-10-03
BAL,Lamar Jackson,QB,316,28,0,2021-10-03
BAL,Latavius Murray,RB,0,59,0,2021-10-03
BAL,Marquise Brown,WR,0,0,91,2021-10-03
BAL,Mark Andrews,TE,0,0,67,2021-10-03
BAL,Sammy Watkins,WR,0,0,49,2021-10-03
BAL,Patrick Ricard,FB,0,0,4,2021-10-03
DEN,Teddy Bridgewater,QB,65,2,0,2021-10-03
DEN,Melvin Gordon,RB,0,56,11,2021-10-03
DEN,Courtland Sutton,WR,0,0,47,2021-10-03
DEN,Noah Fant,TE,0,0,46,2021-10-03
DEN,Tim Patrick,WR,0,0,39,2021-10-03
DEN,Albert Okwuegbunam,TE,0,0,11,2021-10-03
PIT,Ben Roethlisberger,QB,232,0,0,2021-10-03
PIT,Najee Harris,RB,0,62,29,2021-10-03
PIT,Diontae Johnson,WR,0,0,92,2021-10-03
PIT,Pat Freiermuth,TE,0,0,11,2021-10-03
PIT,JuJu Smith-Schuster,WR,0,0,11,2021-10-03
PIT,Eric Ebron,TE,0,0,8,2021-10-03
GNB,Aaron Rodgers,QB,248,2,0,2021-10-03
GNB,Aaron Jones,RB,0,48,51,2021-10-03
GNB,Davante Adams,WR,0,0,64,2021-10-03
GNB,Allen Lazard,WR,0,0,33,2021-10-03
GNB,Robert Tonyan,TE,0,0,8,2021-10-03
GNB,Marcedes Lewis,TE,0,0,7,2021-10-03
TAM,Tom Brady,QB,269,3,0,2021-10-03
TAM,Leonard Fournette,RB,0,92,47,2021-10-03
TAM,Mike Evans,WR,0,0,75,2021-10-03
TAM,Chris Godwin,WR,0,0,55,2021-10-03
TAM,Cameron Brate,TE,0,0,29,2021-10-03
NWE,Mac Jones,QB,275,-1,0,2021-10-03
NWE,Jakobi Meyers,WR,45,0,70,2021-10-03
NWE,Nelson Agholor,WR,0,4,55,2021-10-03
NWE,Kendrick Bourne,WR,0,0,58,2021-10-03
NWE,Hunter Henry,TE,0,0,32,2021-10-03
NWE,Damien Harris,RB,0,-4,30,2021-10-03
LVR,Derek Carr,QB,196,6,0,2021-10-04
LVR,Josh Jacobs,RB,0,40,17,2021-10-04
LVR,Henry Ruggs III,WR,0,0,60,2021-10-04
LVR,Darren Waller,TE,0,0,50,2021-10-04
LVR,Hunter Renfrow,WR,0,0,45,2021-10-04
LVR,Bryan Edwards,WR,0,0,4,2021-10-04
LAC,Justin Herbert,QB,222,4,0,2021-10-04
LAC,Austin Ekeler,RB,0,117,28,2021-10-04
LAC,Jalen Guyton,WR,0,20,9,2021-10-04
LAC,Jared Cook,TE,0,0,70,2021-10-04
LAC,Keenan Allen,WR,0,0,36,2021-10-04
LAC,Mike Williams,WR,0,0,11,2021-10-04
LAR,Matthew Stafford,QB,365,-1,0,2021-10-07
LAR,Darrell Henderson,RB,0,82,17,2021-10-07
LAR,Robert Woods,WR,0,0,150,2021-10-07
LAR,Cooper Kupp,WR,0,0,92,2021-10-07
LAR,Van Jefferson,WR,0,0,16,2021-10-07
LAR,Tyler Higbee,TE,0,0,14,2021-10-07
SEA,Russell Wilson,QB,152,10,0,2021-10-07
SEA,Alex Collins,RB,0,47,25,2021-10-07
SEA,D.K. Metcalf,WR,0,0,98,2021-10-07
SEA,Tyler Lockett,WR,0,0,57,2021-10-07
SEA,Will Dissly,TE,0,0,29,2021-10-07
SEA,Freddie Swain,WR,0,0,9,2021-10-07
NYJ,Zach Wilson,QB,192,3,0,2021-10-10
NYJ,Michael Carter,RB,0,38,20,2021-10-10
NYJ,Corey Davis,WR,0,0,45,2021-10-10
NYJ,Keelan Cole,WR,0,0,38,2021-10-10
NYJ,Ryan Griffin,TE,0,0,4,2021-10-10
ATL,Matt Ryan,QB,342,-1,0,2021-10-10
ATL,Mike Davis,RB,0,53,8,2021-10-10
ATL,Kyle Pitts,TE,0,0,119,2021-10-10
ATL,Tajae Sharpe,WR,0,0,53,2021-10-10
ATL,Hayden Hurst,TE,0,0,40,2021-10-10
ATL,Olamide Zaccheaus,WR,0,0,20,2021-10-10
PHI,Jalen Hurts,QB,198,30,0,2021-10-10
PHI,Miles Sanders,RB,0,45,6,2021-10-10
PHI,DeVonta Smith,WR,0,0,77,2021-10-10
PHI,Quez Watkins,WR,0,0,48,2021-10-10
PHI,Jalen Reagor,WR,0,0,24,2021-10-10
PHI,Zach Ertz,TE,0,0,7,2021-10-10
CAR,Sam Darnold,QB,177,10,0,2021-10-10
CAR,Chuba Hubbard,RB,0,101,33,2021-10-10
CAR,Robby Anderson,WR,0,0,30,2021-10-10
CAR,Terrace Marshall Jr.,WR,0,0,14,2021-10-10
CAR,Tommy Tremble,TE,0,0,12,2021-10-10
CAR,D.J. Moore,WR,0,-4,42,2021-10-10
NOR,Jameis Winston,QB,279,26,0,2021-10-10
NOR,Alvin Kamara,RB,0,71,51,2021-10-10
NOR,Kenny Stills,WR,0,1,17,2021-10-10
NOR,Marquez Callaway,WR,0,0,85,2021-10-10
NOR,Adam Trautman,TE,0,0,43,2021-10-10
NOR,Taysom Hill,WR,0,0,11,2021-10-10
WAS,Taylor Heinicke,QB,248,40,0,2021-10-10
WAS,Antonio Gibson,RB,0,60,12,2021-10-10
WAS,DeAndre Carter,WR,0,11,62,2021-10-10
WAS,Adam Humphries,WR,0,0,73,2021-10-10
WAS,Terry McLaurin,WR,0,0,46,2021-10-10
WAS,Ricky Seals-Jones,TE,0,0,41,2021-10-10
DEN,Teddy Bridgewater,QB,288,11,0,2021-10-10
DEN,Melvin Gordon,RB,0,34,9,2021-10-10
DEN,Courtland Sutton,WR,0,0,120,2021-10-10
DEN,Tim Patrick,WR,0,0,89,2021-10-10
DEN,Noah Fant,TE,0,0,20,2021-10-10
PIT,Ben Roethlisberger,QB,253,-1,0,2021-10-10
PIT,Najee Harris,RB,0,122,20,2021-10-10
PIT,JuJu Smith-Schuster,WR,0,6,0,2021-10-10
PIT,Chase Claypool,WR,0,0,130,2021-10-10
PIT,Diontae Johnson,WR,0,0,72,2021-10-10
PIT,Zach Gentry,TE,0,0,13,2021-10-10
DET,Jared Goff,QB,203,0,0,2021-10-10
DET,Jamaal Williams,RB,0,57,8,2021-10-10
DET,Amon-Ra St. Brown,WR,0,0,65,2021-10-10
DET,Quintez Cephus,WR,0,0,38,2021-10-10
DET,T.J. Hockenson,TE,0,0,22,2021-10-10
DET,Kalif Raymond,WR,0,0,0,2021-10-10
MIN,Kirk Cousins,QB,275,4,0,2021-10-10
MIN,Alexander Mattison,RB,0,113,40,2021-10-10
MIN,Justin Jefferson,WR,0,0,124,2021-10-10
MIN,Adam Thielen,WR,0,0,40,2021-10-10
MIN,Tyler Conklin,TE,0,0,25,2021-10-10
MIN,K.J. Osborn,WR,0,0,14,2021-10-10
NWE,Mac Jones,QB,231,3,0,2021-10-10
NWE,Damien Harris,RB,0,58,0,2021-10-10
NWE,Jonnu Smith,TE,0,5,27,2021-10-10
NWE,Hunter Henry,TE,0,0,75,2021-10-10
NWE,Jakobi Meyers,WR,0,0,56,2021-10-10
NWE,Nelson Agholor,WR,0,0,32,2021-10-10
HOU,Davis Mills,QB,312,2,0,2021-10-10
HOU,Mark Ingram,RB,0,41,0,2021-10-10
HOU,Chris Conley,WR,0,0,84,2021-10-10
HOU,Brandin Cooks,WR,0,0,23,2021-10-10
HOU,Pharaoh Brown,TE,0,0,22,2021-10-10
HOU,Antony Auclair,TE,0,0,11,2021-10-10
TEN,Ryan Tannehill,QB,197,21,0,2021-10-10
TEN,Derrick Henry,RB,0,130,0,2021-10-10
TEN,Marcus Johnson,WR,0,0,52,2021-10-10
TEN,A.J. Brown,WR,0,0,38,2021-10-10
TEN,Geoff Swaim,TE,0,0,0,2021-10-10
JAX,Trevor Lawrence,QB,273,28,0,2021-10-10
JAX,James Robinson,RB,0,149,-2,2021-10-10
JAX,Laviska Shenault Jr.,WR,0,0,58,2021-10-10
JAX,Marvin Jones,WR,0,0,25,2021-10-10
JAX,Jacob Hollister,TE,0,0,1,2021-10-10
MIA,Jacoby Brissett,QB,275,0,0,2021-10-10
MIA,Myles Gaskin,RB,0,25,74,2021-10-10
MIA,Preston Williams,WR,0,7,60,2021-10-10
MIA,Jaylen Waddle,WR,0,2,31,2021-10-10
MIA,Mike Gesicki,TE,0,0,43,2021-10-10
MIA,Adam Shaheen,TE,0,0,15,2021-10-10
TAM,Tom Brady,QB,411,13,0,2021-10-10
TAM,Leonard Fournette,RB,0,67,43,2021-10-10
TAM,Antonio Brown,WR,0,0,124,2021-10-10
TAM,Mike Evans,WR,0,0,113,2021-10-10
TAM,Chris Godwin,WR,0,0,70,2021-10-10
TAM,O.J. Howard,TE,0,0,19,2021-10-10
GNB,Aaron Rodgers,QB,344,0,0,2021-10-10
GNB,Aaron Jones,RB,0,103,6,2021-10-10
GNB,Davante Adams,WR,0,0,206,2021-10-10
GNB,Marcedes Lewis,TE,0,0,34,2021-10-10
GNB,Robert Tonyan,TE,0,0,8,2021-10-10
GNB,Allen Lazard,WR,0,0,6,2021-10-10
CIN,Joe Burrow,QB,281,11,0,2021-10-10
CIN,Joe Mixon,RB,0,33,2,2021-10-10
CIN,Ja'Marr Chase,WR,0,0,159,2021-10-10
CIN,Tee Higgins,WR,0,0,32,2021-10-10
CIN,Tyler Boyd,WR,0,0,24,2021-10-10
CIN,C.J. Uzomah,TE,0,0,16,2021-10-10
CHI,Justin Fields,QB,111,4,0,2021-10-10
CHI,Damien Williams,RB,0,64,20,2021-10-10
CHI,Darnell Mooney,WR,0,0,35,2021-10-10
CHI,Allen Robinson,WR,0,0,32,2021-10-10
CHI,Cole Kmet,TE,0,0,22,2021-10-10
LVR,Derek Carr,QB,206,10,0,2021-10-10
LVR,Josh Jacobs,RB,0,48,19,2021-10-10
LVR,Hunter Renfrow,WR,0,0,56,2021-10-10
LVR,Henry Ruggs III,WR,0,0,51,2021-10-10
LVR,Darren Waller,TE,0,0,45,2021-10-10
LVR,Bryan Edwards,WR,0,0,22,2021-10-10
CLE,Baker Mayfield,QB,305,8,0,2021-10-10
CLE,Nick Chubb,RB,0,161,9,2021-10-10
CLE,David Njoku,TE,0,0,149,2021-10-10
CLE,Odell Beckham Jr.,WR,0,0,20,2021-10-10
LAC,Justin Herbert,QB,398,29,0,2021-10-10
LAC,Austin Ekeler,RB,0,66,53,2021-10-10
LAC,Mike Williams,WR,0,0,165,2021-10-10
LAC,Keenan Allen,WR,0,0,75,2021-10-10
LAC,Donald Parham,TE,0,0,29,2021-10-10
LAC,Jared Cook,TE,0,0,29,2021-10-10
SFO,Trey Lance,QB,192,89,0,2021-10-10
SFO,Elijah Mitchell,RB,0,43,19,2021-10-10
SFO,Deebo Samuel,WR,0,13,58,2021-10-10
SFO,Kyle Juszczyk,FB,0,0,35,2021-10-10
SFO,Brandon Aiyuk,WR,0,0,32,2021-10-10
SFO,Ross Dwelley,TE,0,0,25,2021-10-10
ARI,Kyler Murray,QB,239,1,0,2021-10-10
ARI,Chase Edmonds,RB,0,15,19,2021-10-10
ARI,Christian Kirk,WR,0,11,39,2021-10-10
ARI,DeAndre Hopkins,WR,0,0,87,2021-10-10
ARI,Maxx Williams,TE,0,0,14,2021-10-10
ARI,A.J. Green,WR,0,0,13,2021-10-10
NYG,Daniel Jones,QB,98,9,0,2021-10-10
NYG,Saquon Barkley,RB,0,9,0,2021-10-10
NYG,Evan Engram,TE,0,0,55,2021-10-10
NYG,Kyle Rudolph,TE,0,0,14,2021-10-10
NYG,Kenny Golladay,WR,0,0,0,2021-10-10
DAL,Dak Prescott,QB,302,6,0,2021-10-10
DAL,Cedrick Wilson Jr.,WR,22,6,35,2021-10-10
DAL,Ezekiel Elliott,RB,0,110,2,2021-10-10
DAL,CeeDee Lamb,WR,0,4,84,2021-10-10
DAL,Dalton Schultz,TE,0,0,79,2021-10-10
DAL,Amari Cooper,WR,0,0,60,2021-10-10
BUF,Josh Allen,QB,315,59,0,2021-10-10
BUF,Devin Singletary,RB,0,25,-2,2021-10-10
BUF,Dawson Knox,TE,0,0,117,2021-10-10
BUF,Stefon Diggs,WR,0,0,69,2021-10-10
KAN,Patrick Mahomes,QB,272,61,0,2021-10-10
KAN,Tyreek Hill,WR,0,15,63,2021-10-10
KAN,Clyde Edwards-Helaire,RB,0,13,11,2021-10-10
KAN,Mecole Hardman,WR,0,0,76,2021-10-10
KAN,Travis Kelce,TE,0,0,57,2021-10-10
KAN,Demarcus Robinson,WR,0,0,8,2021-10-10
IND,Carson Wentz,QB,402,5,0,2021-10-11
IND,Jonathan Taylor,RB,0,53,116,2021-10-11
IND,Michael Pittman Jr.,WR,0,0,89,2021-10-11
IND,Mo Alie-Cox,TE,0,0,50,2021-10-11
IND,Zach Pascal,WR,0,0,48,2021-10-11
IND,Jack Doyle,TE,0,0,4,2021-10-11
BAL,Lamar Jackson,QB,442,62,0,2021-10-11
BAL,Latavius Murray,RB,0,17,13,2021-10-11
BAL,Mark Andrews,TE,0,0,147,2021-10-11
BAL,Marquise Brown,WR,0,0,125,2021-10-11
BAL,Devin Duvernay,WR,0,0,45,2021-10-11
BAL,Sammy Watkins,WR,0,0,35,2021-10-11
TAM,Tom Brady,QB,297,1,0,2021-10-14
TAM,Leonard Fournette,RB,0,81,46,2021-10-14
TAM,O.J. Howard,TE,0,0,49,2021-10-14
TAM,Chris Godwin,WR,0,0,43,2021-10-14
TAM,Mike Evans,WR,0,0,27,2021-10-14
PHI,Jalen Hurts,QB,115,44,0,2021-10-14
PHI,Miles Sanders,RB,0,56,10,2021-10-14
PHI,Quez Watkins,WR,0,0,44,2021-10-14
PHI,DeVonta Smith,WR,0,0,31,2021-10-14
PHI,Zach Ertz,TE,0,0,29,2021-10-14
PHI,Jalen Reagor,WR,0,0,0,2021-10-14
MIA,Tua Tagovailoa,QB,329,22,0,2021-10-17
MIA,Myles Gaskin,RB,0,9,5,2021-10-17
MIA,Mike Gesicki,TE,0,0,115,2021-10-17
MIA,Jaylen Waddle,WR,0,0,70,2021-10-17
MIA,Mack Hollins,WR,0,0,61,2021-10-17
MIA,Durham Smythe,TE,0,0,59,2021-10-17
JAX,Trevor Lawrence,QB,319,11,0,2021-10-17
JAX,James Robinson,RB,0,73,28,2021-10-17
JAX,Marvin Jones,WR,0,0,100,2021-10-17
JAX,Jamal Agnew,WR,0,0,78,2021-10-17
JAX,Laviska Shenault Jr.,WR,0,0,54,2021-10-17
JAX,Chris Manhertz,TE,0,0,11,2021-10-17
GNB,Aaron Rodgers,QB,195,19,0,2021-10-17
GNB,Aaron Jones,RB,0,76,34,2021-10-17
GNB,Davante Adams,WR,0,0,89,2021-10-17
GNB,Allen Lazard,WR,0,0,27,2021-10-17
GNB,Marcedes Lewis,TE,0,0,17,2021-10-17
GNB,Robert Tonyan,TE,0,0,10,2021-10-17
CHI,Justin Fields,QB,174,43,0,2021-10-17
CHI,Khalil Herbert,RB,0,97,15,2021-10-17
CHI,Allen Robinson,WR,0,0,53,2021-10-17
CHI,Cole Kmet,TE,0,0,49,2021-10-17
CHI,Darnell Mooney,WR,0,0,45,2021-10-17
KAN,Patrick Mahomes,QB,397,31,0,2021-10-17
KAN,Darrel Williams,RB,0,62,27,2021-10-17
KAN,Travis Kelce,TE,0,0,99,2021-10-17
KAN,Tyreek Hill,WR,0,0,76,2021-10-17
KAN,Byron Pringle,WR,0,0,55,2021-10-17
KAN,Demarcus Robinson,WR,0,0,46,2021-10-17
WAS,Taylor Heinicke,QB,182,0,0,2021-10-17
WAS,Antonio Gibson,RB,0,44,0,2021-10-17
WAS,Ricky Seals-Jones,TE,0,0,58,2021-10-17
WAS,Dyami Brown,WR,0,0,30,2021-10-17
WAS,Terry McLaurin,WR,0,0,28,2021-10-17
WAS,John Bates,TE,0,0,7,2021-10-17
CIN,Joe Burrow,QB,271,20,0,2021-10-17
CIN,Joe Mixon,RB,0,94,59,2021-10-17
CIN,Ja'Marr Chase,WR,0,0,97,2021-10-17
CIN,Tee Higgins,WR,0,0,44,2021-10-17
CIN,C.J. Uzomah,TE,0,0,15,2021-10-17
CIN,Drew Sample,TE,0,0,0,2021-10-17
DET,Jared Goff,QB,202,1,0,2021-10-17
DET,Jamaal Williams,RB,0,11,-2,2021-10-17
DET,T.J. Hockenson,TE,0,0,74,2021-10-17
DET,Kalif Raymond,WR,0,0,37,2021-10-17
DET,KhaDarel Hodge,WR,0,0,9,2021-10-17
LAR,Matthew Stafford,QB,251,12,0,2021-10-17
LAR,Darrell Henderson,RB,0,78,29,2021-10-17
LAR,Cooper Kupp,WR,0,0,130,2021-10-17
LAR,Tyler Higbee,TE,0,0,36,2021-10-17
LAR,Robert Woods,WR,0,0,31,2021-10-17
LAR,Van Jefferson,WR,0,0,19,2021-10-17
NYG,Daniel Jones,QB,242,4,0,2021-10-17
NYG,Devontae Booker,RB,0,41,28,2021-10-17
NYG,Sterling Shepard,WR,0,0,76,2021-10-17
NYG,Evan Engram,TE,0,0,24,2021-10-17
NYG,Kyle Rudolph,TE,0,0,8,2021-10-17
HOU,Davis Mills,QB,243,5,0,2021-10-17
HOU,Mark Ingram,RB,0,73,8,2021-10-17
HOU,Brandin Cooks,WR,0,0,89,2021-10-17
HOU,Nico Collins,WR,0,0,44,2021-10-17
HOU,Pharaoh Brown,TE,0,0,8,2021-10-17
IND,Carson Wentz,QB,223,1,0,2021-10-17
IND,Jonathan Taylor,RB,0,145,13,2021-10-17
IND,Michael Pittman Jr.,WR,0,3,35,2021-10-17
IND,T.Y. Hilton,WR,0,0,80,2021-10-17
IND,Jack Doyle,TE,0,0,0,2021-10-17
IND,Zach Pascal,WR,0,0,0,2021-10-17
MIN,Kirk Cousins,QB,373,16,0,2021-10-17
MIN,Dalvin Cook,RB,0,140,3,2021-10-17
MIN,C.J. Ham,FB,0,30,0,2021-10-17
MIN,Adam Thielen,WR,0,2,126,2021-10-17
MIN,Justin Jefferson,WR,0,0,80,2021-10-17
MIN,Tyler Conklin,TE,0,0,71,2021-10-17
CAR,Sam Darnold,QB,207,48,0,2021-10-17
CAR,Chuba Hubbard,RB,0,61,4,2021-10-17
CAR,D.J. Moore,WR,0,6,73,2021-10-17
CAR,Ian Thomas,TE,0,0,41,2021-10-17
CAR,Robby Anderson,WR,0,0,11,2021-10-17
CAR,Tommy Tremble,TE,0,0,0,2021-10-17
LAC,Justin Herbert,QB,195,12,0,2021-10-17
LAC,Austin Ekeler,RB,0,7,48,2021-10-17
LAC,Keenan Allen,WR,0,0,50,2021-10-17
LAC,Mike Williams,WR,0,0,27,2021-10-17
LAC,Donald Parham,TE,0,0,10,2021-10-17
LAC,Gabe Nabers,FB,0,0,6,2021-10-17
BAL,Lamar Jackson,QB,167,51,0,2021-10-17
BAL,Latavius Murray,RB,0,44,12,2021-10-17
BAL,Devin Duvernay,WR,0,11,15,2021-10-17
BAL,Marquise Brown,WR,0,0,35,2021-10-17
ARI,Kyler Murray,QB,229,6,0,2021-10-17
ARI,Chase Edmonds,RB,0,46,4,2021-10-17
ARI,A.J. Green,WR,0,0,79,2021-10-17
ARI,Christian Kirk,WR,0,0,75,2021-10-17
ARI,DeAndre Hopkins,WR,0,0,55,2021-10-17
ARI,Darrell Daniels,TE,0,0,0,2021-10-17
CLE,Baker Mayfield,QB,234,8,0,2021-10-17
CLE,Kareem Hunt,RB,0,66,12,2021-10-17
CLE,Donovan Peoples-Jones,WR,0,0,101,2021-10-17
CLE,Odell Beckham Jr.,WR,0,0,79,2021-10-17
CLE,David Njoku,TE,0,0,6,2021-10-17
CLE,Austin Hooper,TE,0,0,4,2021-10-17
LVR,Derek Carr,QB,341,-1,0,2021-10-17
LVR,Josh Jacobs,RB,0,53,29,2021-10-17
LVR,Henry Ruggs III,WR,0,0,97,2021-10-17
LVR,Bryan Edwards,WR,0,0,67,2021-10-17
LVR,Darren Waller,TE,0,0,59,2021-10-17
LVR,Alec Ingold,FB,0,0,0,2021-10-17
DEN,Teddy Bridgewater,QB,334,9,0,2021-10-17
DEN,Melvin Gordon,RB,0,50,23,2021-10-17
DEN,Noah Fant,TE,0,0,97,2021-10-17
DEN,Courtland Sutton,WR,0,0,94,2021-10-17
DEN,Tim Patrick,WR,0,0,42,2021-10-17
DEN,Eric Saubert,TE,0,0,23,2021-10-17
DAL,Dak Prescott,QB,445,10,0,2021-10-17
DAL,Ezekiel Elliott,RB,0,69,50,2021-10-17
DAL,CeeDee Lamb,WR,0,2,149,2021-10-17
DAL,Dalton Schultz,TE,0,0,79,2021-10-17
DAL,Amari Cooper,WR,0,0,55,2021-10-17
DAL,Cedrick Wilson Jr.,WR,0,0,42,2021-10-17
NWE,Mac Jones,QB,229,-4,0,2021-10-17
NWE,Damien Harris,RB,0,101,7,2021-10-17
NWE,Hunter Henry,TE,0,0,25,2021-10-17
NWE,Jonnu Smith,TE,0,0,9,2021-10-17
SEA,Geno Smith,QB,209,-1,0,2021-10-17
SEA,Alex Collins,RB,0,101,-3,2021-10-17
SEA,D.K. Metcalf,WR,0,0,58,2021-10-17
SEA,Gerald Everett,TE,0,0,40,2021-10-17
SEA,Tyler Lockett,WR,0,0,35,2021-10-17
SEA,Will Dissly,TE,0,0,8,2021-10-17
PIT,Ben Roethlisberger,QB,229,-3,0,2021-10-17
PIT,Najee Harris,RB,0,81,46,2021-10-17
PIT,Diontae Johnson,WR,0,25,71,2021-10-17
PIT,Chase Claypool,WR,0,0,17,2021-10-17
BUF,Josh Allen,QB,353,26,0,2021-10-18
BUF,Devin Singletary,RB,0,27,16,2021-10-18
BUF,Emmanuel Sanders,WR,0,0,91,2021-10-18
BUF,Stefon Diggs,WR,0,0,89,2021-10-18
BUF,Cole Beasley,WR,0,0,88,2021-10-18
BUF,Dawson Knox,TE,0,0,25,2021-10-18
TEN,Ryan Tannehill,QB,216,3,0,2021-10-18
TEN,Derrick Henry,RB,0,143,13,2021-10-18
TEN,A.J. Brown,WR,0,0,91,2021-10-18
TEN,Julio Jones,WR,0,0,59,2021-10-18
TEN,Geoff Swaim,TE,0,0,8,2021-10-18
TEN,Chester Rogers,WR,0,0,7,2021-10-18
DEN,Teddy Bridgewater,QB,187,3,0,2021-10-21
DEN,Melvin Gordon,RB,0,18,14,2021-10-21
DEN,Courtland Sutton,WR,0,0,68,2021-10-21
DEN,Noah Fant,TE,0,0,39,2021-10-21
DEN,Tim Patrick,WR,0,0,16,2021-10-21
DEN,Eric Saubert,TE,0,0,3,2021-10-21
CLE,Case Keenum,QB,199,7,0,2021-10-21
CLE,D'Ernest Johnson,RB,0,146,22,2021-10-21
CLE,Austin Hooper,TE,0,0,42,2021-10-21
CLE,Jarvis Landry,WR,0,0,37,2021-10-21
CLE,Odell Beckham Jr.,WR,0,0,23,2021-10-21
CLE,Anthony Schwartz,WR,0,-2,22,2021-10-21
ATL,Matt Ryan,QB,336,0,0,2021-10-24
ATL,Cordarrelle Patterson,RB,0,60,1,2021-10-24
ATL,Kyle Pitts,TE,0,0,163,2021-10-24
ATL,Russell Gage,WR,0,0,67,2021-10-24
ATL,Calvin Ridley,WR,0,0,26,2021-10-24
ATL,Keith Smith,FB,0,0,6,2021-10-24
MIA,Tua Tagovailoa,QB,291,29,0,2021-10-24
MIA,Malcolm Brown,RB,0,10,-1,2021-10-24
MIA,Mike Gesicki,TE,0,0,85,2021-10-24
MIA,Jaylen Waddle,WR,0,0,83,2021-10-24
MIA,Adam Shaheen,TE,0,0,23,2021-10-24
MIA,Preston Williams,WR,0,0,5,2021-10-24
CAR,Sam Darnold,QB,112,0,0,2021-10-24
CAR,Chuba Hubbard,RB,0,28,28,2021-10-24
CAR,D.J. Moore,WR,0,0,73,2021-10-24
CAR,Robby Anderson,WR,0,0,14,2021-10-24
CAR,Tommy Tremble,TE,0,0,12,2021-10-24
CAR,Ian Thomas,TE,0,0,0,2021-10-24
NYG,Daniel Jones,QB,203,28,16,2021-10-24
NYG,Devontae Booker,RB,0,51,15,2021-10-24
NYG,Darius Slayton,WR,0,0,63,2021-10-24
NYG,Evan Engram,TE,0,0,44,2021-10-24
NYG,John Ross,WR,0,0,27,2021-10-24
NYG,Kyle Rudolph,TE,0,0,8,2021-10-24
NYJ,Zach Wilson,QB,51,0,0,2021-10-24
NYJ,Michael Carter,RB,0,37,67,2021-10-24
NYJ,Corey Davis,WR,0,0,47,2021-10-24
NYJ,Ryan Griffin,TE,0,0,15,2021-10-24
NYJ,Keelan Cole,WR,0,0,6,2021-10-24
NYJ,Trevon Wesco,TE,0,0,0,2021-10-24
NWE,Mac Jones,QB,307,19,0,2021-10-24
NWE,Damien Harris,RB,0,106,7,2021-10-24
NWE,Jonnu Smith,TE,0,5,52,2021-10-24
NWE,Nelson Agholor,WR,0,0,51,2021-10-24
NWE,Jakobi Meyers,WR,0,0,44,2021-10-24
NWE,Jakob Johnson,FB,0,0,32,2021-10-24
WAS,Taylor Heinicke,QB,268,95,0,2021-10-24
WAS,Antonio Gibson,RB,0,51,5,2021-10-24
WAS,Terry McLaurin,WR,0,0,122,2021-10-24
WAS,Ricky Seals-Jones,TE,0,0,51,2021-10-24
WAS,Adam Humphries,WR,0,0,36,2021-10-24
GNB,Aaron Rodgers,QB,274,17,0,2021-10-24
GNB,Aaron Jones,RB,0,19,20,2021-10-24
GNB,Davante Adams,WR,0,0,76,2021-10-24
GNB,Robert Tonyan,TE,0,0,63,2021-10-24
GNB,Allen Lazard,WR,0,0,60,2021-10-24
GNB,Marcedes Lewis,TE,0,0,31,2021-10-24
KAN,Patrick Mahomes,QB,206,35,0,2021-10-24
KAN,Darrel Williams,RB,0,20,30,2021-10-24
KAN,Tyreek Hill,WR,0,18,49,2021-10-24
KAN,Travis Kelce,TE,0,0,65,2021-10-24
KAN,Mecole Hardman,WR,0,0,28,2021-10-24
KAN,Josh Gordon,WR,0,0,0,2021-10-24
TEN,Ryan Tannehill,QB,270,6,0,2021-10-24
TEN,Derrick Henry,RB,5,86,16,2021-10-24
TEN,A.J. Brown,WR,0,0,133,2021-10-24
TEN,Julio Jones,WR,0,0,38,2021-10-24
TEN,Geoff Swaim,TE,0,0,8,2021-10-24
CIN,Joe Burrow,QB,416,0,0,2021-10-24
CIN,Joe Mixon,RB,0,59,0,2021-10-24
CIN,Ja'Marr Chase,WR,0,0,201,2021-10-24
CIN,C.J. Uzomah,TE,0,0,91,2021-10-24
CIN,Tee Higgins,WR,0,0,62,2021-10-24
CIN,Tyler Boyd,WR,0,0,39,2021-10-24
BAL,Lamar Jackson,QB,257,88,0,2021-10-24
BAL,Devonta Freeman,RB,0,14,25,2021-10-24
BAL,Marquise Brown,WR,0,0,80,2021-10-24
BAL,Mark Andrews,TE,0,0,48,2021-10-24
DET,Jared Goff,QB,268,3,0,2021-10-24
DET,Jamaal Williams,RB,0,57,0,2021-10-24
DET,Kalif Raymond,WR,0,1,115,2021-10-24
DET,T.J. Hockenson,TE,0,0,48,2021-10-24
DET,Geronimo Allison,WR,0,0,0,2021-10-24
LAR,Matthew Stafford,QB,334,-2,0,2021-10-24
LAR,Darrell Henderson,RB,0,45,19,2021-10-24
LAR,Cooper Kupp,WR,0,0,156,2021-10-24
LAR,Robert Woods,WR,0,0,70,2021-10-24
LAR,Tyler Higbee,TE,0,0,46,2021-10-24
LAR,Van Jefferson,WR,0,0,43,2021-10-24
PHI,Jalen Hurts,QB,236,61,0,2021-10-24
PHI,Miles Sanders,RB,0,30,-3,2021-10-24
PHI,Dallas Goedert,TE,0,0,70,2021-10-24
PHI,DeVonta Smith,WR,0,0,61,2021-10-24
PHI,Quez Watkins,WR,0,0,37,2021-10-24
PHI,Jalen Reagor,WR,0,0,25,2021-10-24
LVR,Derek Carr,QB,323,1,0,2021-10-24
LVR,Josh Jacobs,RB,0,29,39,2021-10-24
LVR,Henry Ruggs III,WR,0,7,24,2021-10-24
LVR,Alec Ingold,FB,0,1,29,2021-10-24
LVR,Foster Moreau,TE,0,0,60,2021-10-24
LVR,Bryan Edwards,WR,0,0,43,2021-10-24
HOU,Davis Mills,QB,135,0,0,2021-10-24
HOU,Mark Ingram,RB,0,9,18,2021-10-24
HOU,Brandin Cooks,WR,0,0,21,2021-10-24
HOU,Pharaoh Brown,TE,0,0,11,2021-10-24
ARI,Kyler Murray,QB,261,10,0,2021-10-24
ARI,Chase Edmonds,RB,0,81,9,2021-10-24
ARI,Zach Ertz,TE,0,4,66,2021-10-24
ARI,A.J. Green,WR,0,0,66,2021-10-24
ARI,DeAndre Hopkins,WR,0,0,53,2021-10-24
CHI,Justin Fields,QB,184,38,0,2021-10-24
CHI,Khalil Herbert,RB,0,100,33,2021-10-24
CHI,Cole Kmet,TE,0,0,43,2021-10-24
CHI,Darnell Mooney,WR,0,0,39,2021-10-24
CHI,Allen Robinson,WR,0,0,16,2021-10-24
CHI,Damiere Byrd,WR,0,0,10,2021-10-24
TAM,Tom Brady,QB,211,0,0,2021-10-24
TAM,Leonard Fournette,RB,0,81,9,2021-10-24
TAM,Chris Godwin,WR,0,0,111,2021-10-24
TAM,Mike Evans,WR,0,0,76,2021-10-24
TAM,Tyler Johnson,WR,0,0,16,2021-10-24
TAM,O.J. Howard,TE,0,0,9,2021-10-24
IND,Carson Wentz,QB,150,23,0,2021-10-24
IND,Jonathan Taylor,RB,0,107,3,2021-10-24
IND,Michael Pittman Jr.,WR,0,0,105,2021-10-24
IND,Mo Alie-Cox,TE,0,0,25,2021-10-24
IND,Zach Pascal,WR,0,0,14,2021-10-24
IND,Jack Doyle,TE,0,0,0,2021-10-24
SFO,Jimmy Garoppolo,QB,181,0,0,2021-10-24
SFO,Elijah Mitchell,RB,0,107,0,2021-10-24
SFO,Brandon Aiyuk,WR,0,3,6,2021-10-24
SFO,Deebo Samuel,WR,0,0,100,2021-10-24
SFO,Charlie Woerner,TE,0,0,30,2021-10-24
NOR,Jameis Winston,QB,222,40,0,2021-10-25
NOR,Alvin Kamara,RB,0,51,128,2021-10-25
NOR,Adam Trautman,TE,0,0,36,2021-10-25
NOR,Marquez Callaway,WR,0,0,32,2021-10-25
SEA,Geno Smith,QB,167,12,0,2021-10-25
SEA,Alex Collins,RB,0,35,9,2021-10-25
SEA,Gerald Everett,TE,0,12,11,2021-10-25
SEA,Freddie Swain,WR,0,8,39,2021-10-25
SEA,D.K. Metcalf,WR,0,0,96,2021-10-25
SEA,Tyler Lockett,WR,0,0,12,2021-10-25
GNB,Aaron Rodgers,QB,184,3,0,2021-10-28
GNB,Aaron Jones,RB,0,59,51,2021-10-28
GNB,Amari Rodgers,WR,0,11,7,2021-10-28
GNB,Randall Cobb,WR,0,0,15,2021-10-28
GNB,Equanimeous St. Brown,WR,0,0,12,2021-10-28
GNB,Marcedes Lewis,TE,0,0,0,2021-10-28
ARI,Kyler Murray,QB,274,21,0,2021-10-28
ARI,Chase Edmonds,RB,0,30,39,2021-10-28
ARI,DeAndre Hopkins,WR,0,0,66,2021-10-28
ARI,A.J. Green,WR,0,0,50,2021-10-28
ARI,Christian Kirk,WR,0,0,46,2021-10-28
ARI,Zach Ertz,TE,0,0,42,2021-10-28
CAR,Sam Darnold,QB,129,66,0,2021-10-31
CAR,Chuba Hubbard,RB,0,82,9,2021-10-31
CAR,D.J. Moore,WR,0,0,59,2021-10-31
CAR,Tommy Tremble,TE,0,0,18,2021-10-31
CAR,Ian Thomas,TE,0,0,10,2021-10-31
CAR,Robby Anderson,WR,0,0,0,2021-10-31
ATL,Matt Ryan,QB,146,3,0,2021-10-31
ATL,Mike Davis,RB,0,44,22,2021-10-31
ATL,Cordarrelle Patterson,RB,0,35,37,2021-10-31
ATL,Kyle Pitts,TE,0,0,13,2021-10-31
ATL,Olamide Zaccheaus,WR,0,0,12,2021-10-31
ATL,Hayden Hurst,TE,0,0,4,2021-10-31
MIA,Tua Tagovailoa,QB,205,10,0,2021-10-31
MIA,Myles Gaskin,RB,0,36,19,2021-10-31
MIA,DeVante Parker,WR,0,0,85,2021-10-31
MIA,Jaylen Waddle,WR,0,0,29,2021-10-31
MIA,Adam Shaheen,TE,0,0,8,2021-10-31
BUF,Josh Allen,QB,249,55,0,2021-10-31
BUF,Cole Beasley,WR,0,0,110,2021-10-31
BUF,Devin Singletary,RB,0,28,1,2021-10-31
BUF,Stefon Diggs,WR,0,0,40,2021-10-31
BUF,Tommy Sweeney,TE,0,0,30,2021-10-31
BUF,Emmanuel Sanders,WR,0,0,0,2021-10-31
LAR,Matthew Stafford,QB,305,0,0,2021-10-31
LAR,Darrell Henderson,RB,0,90,3,2021-10-31
LAR,Robert Woods,WR,0,22,35,2021-10-31
LAR,Cooper Kupp,WR,0,0,115,2021-10-31
LAR,Van Jefferson,WR,0,0,88,2021-10-31
LAR,Tyler Higbee,TE,0,0,25,2021-10-31
HOU,Davis Mills,QB,310,0,0,2021-10-31
HOU,David Johnson,RB,0,4,-1,2021-10-31
HOU,Brandin Cooks,WR,0,0,83,2021-10-31
HOU,Jordan Akins,TE,0,0,53,2021-10-31
HOU,Brevin Jordan,TE,0,0,41,2021-10-31
SFO,Jimmy Garoppolo,QB,322,4,0,2021-10-31
SFO,Elijah Mitchell,RB,0,137,0,2021-10-31
SFO,Deebo Samuel,WR,0,0,171,2021-10-31
SFO,Brandon Aiyuk,WR,0,0,45,2021-10-31
SFO,Kyle Juszczyk,FB,0,0,11,2021-10-31
SFO,Charlie Woerner,TE,0,0,7,2021-10-31
CHI,Justin Fields,QB,175,103,0,2021-10-31
CHI,Darnell Mooney,WR,0,0,64,2021-10-31
CHI,Jesse James,TE,0,0,38,2021-10-31
CHI,Cole Kmet,TE,0,0,24,2021-10-31
CHI,Allen Robinson,WR,0,0,21,2021-10-31
CHI,Damien Williams,RB,0,-3,0,2021-10-31
CIN,Joe Burrow,QB,259,-1,0,2021-10-31
CIN,Tyler Boyd,WR,46,0,69,2021-10-31
CIN,Joe Mixon,RB,0,33,58,2021-10-31
CIN,Ja'Marr Chase,WR,0,9,32,2021-10-31
CIN,Tee Higgins,WR,0,0,97,2021-10-31
CIN,C.J. Uzomah,TE,0,0,33,2021-10-31
NYJ,Mike White,QB,405,-1,0,2021-10-31
NYJ,Michael Carter,RB,0,77,95,2021-10-31
NYJ,Michael Carter,CB,0,77,95,2021-10-31
NYJ,Denzel Mims,WR,0,0,30,2021-10-31
NYJ,Keelan Cole,WR,0,0,25,2021-10-31
NYJ,Tyler Kroft,TE,0,0,20,2021-10-31
NYJ,Ryan Griffin,TE,0,0,7,2021-10-31
PIT,Ben Roethlisberger,QB,266,0,0,2021-10-31
PIT,Najee Harris,RB,0,91,29,2021-10-31
PIT,Chase Claypool,WR,0,16,45,2021-10-31
PIT,Ray-Ray McCloud,WR,0,10,0,2021-10-31
PIT,Diontae Johnson,WR,0,0,98,2021-10-31
PIT,Zach Gentry,TE,0,0,39,2021-10-31
CLE,Baker Mayfield,QB,225,5,0,2021-10-31
CLE,Nick Chubb,RB,0,61,8,2021-10-31
CLE,Jarvis Landry,WR,0,5,65,2021-10-31
CLE,Rashard Higgins,WR,0,0,27,2021-10-31
CLE,Austin Hooper,TE,0,0,26,2021-10-31
CLE,Odell Beckham Jr.,WR,0,0,6,2021-10-31
TEN,Ryan Tannehill,QB,265,26,0,2021-10-31
TEN,A.J. Brown,WR,0,0,155,2021-10-31
TEN,Derrick Henry,RB,0,68,0,2021-10-31
TEN,Geoff Swaim,TE,0,0,23,2021-10-31
TEN,MyCole Pruitt,TE,0,0,22,2021-10-31
TEN,Marcus Johnson,WR,0,0,8,2021-10-31
IND,Carson Wentz,QB,231,11,0,2021-10-31
IND,Jonathan Taylor,RB,0,70,52,2021-10-31
IND,Michael Pittman Jr.,WR,0,0,86,2021-10-31
IND,Zach Pascal,WR,0,0,43,2021-10-31
IND,T.Y. Hilton,WR,0,0,16,2021-10-31
IND,Jack Doyle,TE,0,0,12,2021-10-31
PHI,Jalen Hurts,QB,103,71,0,2021-10-31
PHI,Boston Scott,RB,0,60,0,2021-10-31
PHI,Jalen Reagor,WR,0,21,0,2021-10-31
PHI,Dallas Goedert,TE,0,0,72,2021-10-31
PHI,Quez Watkins,WR,0,0,18,2021-10-31
PHI,DeVonta Smith,WR,0,0,15,2021-10-31
DET,Jared Goff,QB,222,0,0,2021-10-31
DET,D'Andre Swift,RB,0,27,24,2021-10-31
DET,T.J. Hockenson,TE,0,0,89,2021-10-31
DET,Kalif Raymond,WR,0,0,0,2021-10-31
JAX,Trevor Lawrence,QB,238,11,0,2021-10-31
JAX,James Robinson,RB,0,22,17,2021-10-31
JAX,Laviska Shenault Jr.,WR,0,8,13,2021-10-31
JAX,Dan Arnold,TE,0,0,68,2021-10-31
JAX,Jamal Agnew,WR,0,0,38,2021-10-31
JAX,Marvin Jones,WR,0,0,35,2021-10-31
SEA,Geno Smith,QB,195,8,0,2021-10-31
SEA,Alex Collins,RB,0,44,0,2021-10-31
SEA,Tyler Lockett,WR,0,0,142,2021-10-31
SEA,D.K. Metcalf,WR,0,0,43,2021-10-31
SEA,Gerald Everett,TE,0,-5,7,2021-10-31
NWE,Mac Jones,QB,217,10,0,2021-10-31
NWE,Damien Harris,RB,0,80,0,2021-10-31
NWE,Nelson Agholor,WR,0,0,60,2021-10-31
NWE,Jakobi Meyers,WR,0,0,36,2021-10-31
NWE,Hunter Henry,TE,0,0,33,2021-10-31
NWE,Jonnu Smith,TE,0,0,13,2021-10-31
LAC,Justin Herbert,QB,223,9,0,2021-10-31
LAC,Austin Ekeler,RB,0,64,60,2021-10-31
LAC,Keenan Allen,WR,0,0,77,2021-10-31
LAC,Jared Cook,TE,0,0,25,2021-10-31
LAC,Mike Williams,WR,0,0,19,2021-10-31
TAM,Tom Brady,QB,375,2,0,2021-10-31
TAM,Leonard Fournette,RB,0,26,17,2021-10-31
TAM,Chris Godwin,WR,0,0,140,2021-10-31
TAM,Mike Evans,WR,0,0,48,2021-10-31
TAM,Cameron Brate,TE,0,0,15,2021-10-31
TAM,Rob Gronkowski,TE,0,0,0,2021-10-31
NOR,Jameis Winston,QB,56,40,0,2021-10-31
NOR,Alvin Kamara,RB,0,61,15,2021-10-31
NOR,Garrett Griffin,TE,0,0,30,2021-10-31
NOR,Marquez Callaway,WR,0,0,30,2021-10-31
NOR,Adam Trautman,TE,0,0,4,2021-10-31
NOR,Juwan Johnson,TE,0,0,0,2021-10-31
WAS,Taylor Heinicke,QB,270,10,0,2021-10-31
WAS,Antonio Gibson,RB,0,34,20,2021-10-31
WAS,Terry McLaurin,WR,0,12,23,2021-10-31
WAS,J.D. McKissic,RB,0,10,83,2021-10-31
WAS,DeAndre Carter,WR,0,0,51,2021-10-31
WAS,Ricky Seals-Jones,TE,0,0,12,2021-10-31
DEN,Teddy Bridgewater,QB,213,1,0,2021-10-31
DEN,Melvin Gordon,RB,0,47,15,2021-10-31
DEN,Tim Patrick,WR,0,0,64,2021-10-31
DEN,Courtland Sutton,WR,0,0,40,2021-10-31
DEN,Albert Okwuegbunam,TE,0,0,34,2021-10-31
DEN,Noah Fant,TE,0,0,8,2021-10-31
DAL,Cooper Rush,QB,325,2,0,2021-10-31
DAL,Ezekiel Elliott,RB,0,50,23,2021-10-31
DAL,Amari Cooper,WR,0,0,122,2021-10-31
DAL,CeeDee Lamb,WR,0,0,112,2021-10-31
DAL,Dalton Schultz,TE,0,0,11,2021-10-31
DAL,Blake Jarwin,TE,0,0,0,2021-10-31
MIN,Kirk Cousins,QB,184,18,0,2021-10-31
MIN,Justin Jefferson,WR,0,0,21,2021-10-31
MIN,Dalvin Cook,RB,0,78,0,2021-10-31
MIN,Adam Thielen,WR,0,0,78,2021-10-31
MIN,Tyler Conklin,TE,0,0,57,2021-10-31
MIN,Chris Herndon,TE,0,0,7,2021-10-31
NYG,Daniel Jones,QB,222,12,0,2021-11-01
NYG,Kadarius Toney,WR,19,0,26,2021-11-01
NYG,Devontae Booker,RB,0,60,65,2021-11-01
NYG,Sterling Shepard,WR,0,0,25,2021-11-01
NYG,Evan Engram,TE,0,0,15,2021-11-01
NYG,Darius Slayton,WR,0,0,0,2021-11-01
KAN,Patrick Mahomes,QB,275,10,0,2021-11-01
KAN,Darrel Williams,RB,0,49,61,2021-11-01
KAN,Tyreek Hill,WR,0,0,94,2021-11-01
KAN,Mecole Hardman,WR,0,0,63,2021-11-01
KAN,Travis Kelce,TE,0,0,27,2021-11-01
KAN,Demarcus Robinson,WR,0,0,18,2021-11-01
NYJ,Mike White,QB,95,0,0,2021-11-04
NYJ,Michael Carter,RB,0,49,37,2021-11-04
NYJ,Michael Carter,CB,0,49,37,2021-11-04
NYJ,Keelan Cole,WR,0,0,66,2021-11-04
NYJ,Tyler Kroft,TE,0,0,38,2021-11-04
NYJ,Ryan Griffin,TE,0,0,28,2021-11-04
NYJ,Denzel Mims,WR,0,0,20,2021-11-04
IND,Carson Wentz,QB,272,13,0,2021-11-04
IND,Jonathan Taylor,RB,0,172,28,2021-11-04
IND,Nyheim Hines,RB,0,74,34,2021-11-04
IND,Michael Pittman Jr.,WR,0,0,64,2021-11-04
IND,Zach Pascal,WR,0,0,58,2021-11-04
IND,Jack Doyle,TE,0,0,1,2021-11-04
BUF,Josh Allen,DE,264,50,0,2021-11-07
BUF,Josh Allen,QB,264,50,0,2021-11-07
BUF,Devin Singletary,RB,0,16,43,2021-11-07
BUF,Stefon Diggs,WR,0,0,85,2021-11-07
BUF,Emmanuel Sanders,WR,0,0,65,2021-11-07
BUF,Cole Beasley,WR,0,0,33,2021-11-07
BUF,Tommy Sweeney,TE,0,0,10,2021-11-07
JAX,Trevor Lawrence,QB,118,4,0,2021-11-07
JAX,Carlos Hyde,RB,0,67,6,2021-11-07
JAX,Dan Arnold,TE,0,0,60,2021-11-07
JAX,Marvin Jones,WR,0,0,21,2021-11-07
JAX,Laquon Treadwell,WR,0,0,0,2021-11-07
JAX,Laviska Shenault Jr.,WR,0,-4,24,2021-11-07
MIN,Kirk Cousins,QB,187,1,0,2021-11-07
MIN,Dalvin Cook,RB,0,110,12,2021-11-07
MIN,Justin Jefferson,WR,0,11,69,2021-11-07
MIN,C.J. Ham,FB,0,0,27,2021-11-07
MIN,K.J. Osborn,WR,0,0,20,2021-11-07
MIN,Adam Thielen,WR,0,0,6,2021-11-07
BAL,Lamar Jackson,QB,266,120,0,2021-11-07
BAL,Devonta Freeman,RB,0,79,4,2021-11-07
BAL,Marquise Brown,WR,0,0,116,2021-11-07
BAL,Rashod Bateman,WR,0,0,52,2021-11-07
BAL,Patrick Ricard,FB,0,0,35,2021-11-07
BAL,Eric Tomlinson,TE,0,0,7,2021-11-07
DEN,Teddy Bridgewater,QB,249,-1,0,2021-11-07
DEN,Melvin Gordon,RB,0,80,15,2021-11-07
DEN,Tim Patrick,WR,0,0,85,2021-11-07
DEN,Albert Okwuegbunam,TE,0,0,25,2021-11-07
DEN,Courtland Sutton,WR,0,0,9,2021-11-07
DEN,Eric Saubert,TE,0,0,6,2021-11-07
DAL,Dak Prescott,QB,232,16,0,2021-11-07
DAL,Ezekiel Elliott,RB,0,51,25,2021-11-07
DAL,Dalton Schultz,TE,0,0,54,2021-11-07
DAL,Amari Cooper,WR,0,0,37,2021-11-07
DAL,Cedrick Wilson Jr.,WR,0,0,28,2021-11-07
DAL,CeeDee Lamb,WR,0,0,23,2021-11-07
ATL,Matt Ryan,QB,343,8,0,2021-11-07
ATL,Cordarrelle Patterson,RB,0,10,126,2021-11-07
ATL,Russell Gage,WR,0,0,64,2021-11-07
ATL,Kyle Pitts,TE,0,0,62,2021-11-07
ATL,Hayden Hurst,TE,0,0,16,2021-11-07
ATL,Tajae Sharpe,WR,0,0,12,2021-11-07
NOR,Trevor Siemian,QB,249,0,0,2021-11-07
NOR,Mark Ingram,RB,0,43,21,2021-11-07
NOR,Alex Armah,FB,0,12,0,2021-11-07
NOR,Adam Trautman,TE,0,0,47,2021-11-07
HOU,Tyrod Taylor,QB,240,23,0,2021-11-07
HOU,Phillip Lindsay,RB,0,28,0,2021-11-07
HOU,Brandin Cooks,WR,0,0,56,2021-11-07
HOU,Chris Conley,WR,0,0,38,2021-11-07
HOU,Antony Auclair,TE,0,0,23,2021-11-07
HOU,Jordan Akins,TE,0,0,7,2021-11-07
MIA,Jacoby Brissett,QB,244,7,0,2021-11-07
MIA,Myles Gaskin,RB,0,34,23,2021-11-07
MIA,Jaylen Waddle,WR,0,0,83,2021-11-07
MIA,Mike Gesicki,TE,0,0,54,2021-11-07
MIA,Mack Hollins,WR,0,0,22,2021-11-07
MIA,Adam Shaheen,TE,0,0,11,2021-11-07
NWE,Mac Jones,QB,139,4,0,2021-11-07
NWE,Brandon Bolden,RB,0,54,27,2021-11-07
NWE,Damien Harris,RB,0,30,3,2021-11-07
NWE,Jonnu Smith,TE,0,4,4,2021-11-07
NWE,Jakobi Meyers,WR,0,0,8,2021-11-07
CAR,Sam Darnold,QB,172,9,0,2021-11-07
CAR,Christian McCaffrey,RB,0,52,54,2021-11-07
CAR,D.J. Moore,WR,0,14,32,2021-11-07
CAR,Ian Thomas,TE,0,0,9,2021-11-07
CAR,Tommy Tremble,TE,0,0,6,2021-11-07
CAR,Robby Anderson,WR,0,0,2,2021-11-07
CLE,Baker Mayfield,QB,218,0,0,2021-11-07
CLE,Nick Chubb,RB,0,137,26,2021-11-07
CLE,David Njoku,TE,0,0,18,2021-11-07
CLE,Anthony Schwartz,WR,0,0,15,2021-11-07
CLE,Austin Hooper,TE,0,0,14,2021-11-07
CLE,Jarvis Landry,WR,0,0,11,2021-11-07
CIN,Joe Burrow,QB,282,1,0,2021-11-07
CIN,Joe Mixon,RB,0,64,46,2021-11-07
CIN,Tee Higgins,WR,0,0,78,2021-11-07
CIN,Ja'Marr Chase,WR,0,0,49,2021-11-07
CIN,Drew Sample,TE,0,0,36,2021-11-07
CIN,C.J. Uzomah,TE,0,0,24,2021-11-07
LVR,Derek Carr,QB,296,5,0,2021-11-07
LVR,Josh Jacobs,RB,0,76,19,2021-11-07
LVR,Darren Waller,TE,0,0,92,2021-11-07
LVR,Hunter Renfrow,WR,0,0,49,2021-11-07
LVR,Zay Jones,WR,0,0,20,2021-11-07
LVR,Bryan Edwards,WR,0,0,0,2021-11-07
NYG,Daniel Jones,QB,110,17,0,2021-11-07
NYG,Kadarius Toney,WR,0,-2,9,2021-11-07
NYG,Devontae Booker,RB,0,99,23,2021-11-07
NYG,Evan Engram,TE,0,0,38,2021-11-07
NYG,Kenny Golladay,WR,0,0,28,2021-11-07
NYG,Kyle Rudolph,TE,0,0,20,2021-11-07
LAC,Justin Herbert,QB,356,14,0,2021-11-07
LAC,Austin Ekeler,RB,0,59,23,2021-11-07
LAC,Keenan Allen,WR,0,0,104,2021-11-07
LAC,Mike Williams,WR,0,0,58,2021-11-07
LAC,Donald Parham,TE,0,0,39,2021-11-07
PHI,Jalen Hurts,QB,162,62,0,2021-11-07
PHI,Boston Scott,RB,0,40,0,2021-11-07
PHI,DeVonta Smith,WR,0,0,116,2021-11-07
PHI,Dallas Goedert,TE,0,0,43,2021-11-07
PHI,Quez Watkins,WR,0,0,9,2021-11-07
PHI,Jalen Reagor,WR,0,0,-6,2021-11-07
GNB,Jordan Love,QB,190,23,0,2021-11-07
GNB,Aaron Jones,RB,0,53,0,2021-11-07
GNB,Davante Adams,WR,0,0,42,2021-11-07
GNB,Allen Lazard,WR,0,0,20,2021-11-07
GNB,Dominique Dafney,TE,0,0,0,2021-11-07
GNB,Marcedes Lewis,TE,0,0,-1,2021-11-07
KAN,Patrick Mahomes,QB,166,-2,0,2021-11-07
KAN,Darrel Williams,RB,0,70,7,2021-11-07
KAN,Travis Kelce,TE,0,0,68,2021-11-07
KAN,Mecole Hardman,WR,0,0,20,2021-11-07
KAN,Josh Gordon,WR,0,0,0,2021-11-07
KAN,Tyreek Hill,WR,0,-4,37,2021-11-07
ARI,Colt McCoy,QB,249,23,0,2021-11-07
ARI,Christian Kirk,WR,33,0,91,2021-11-07
ARI,Chase Edmonds,RB,0,3,0,2021-11-07
ARI,Antoine Wesley,WR,0,0,62,2021-11-07
ARI,Zach Ertz,TE,0,0,27,2021-11-07
ARI,Rondale Moore,WR,0,0,25,2021-11-07
SFO,Jimmy Garoppolo,QB,326,3,0,2021-11-07
SFO,Elijah Mitchell,RB,0,36,43,2021-11-07
SFO,George Kittle,TE,0,0,101,2021-11-07
SFO,Deebo Samuel,WR,0,0,63,2021-11-07
SFO,Kyle Juszczyk,FB,0,0,14,2021-11-07
SFO,Brandon Aiyuk,WR,0,-2,89,2021-11-07
TEN,Ryan Tannehill,QB,143,3,0,2021-11-07
TEN,Adrian Peterson,RB,0,21,5,2021-11-07
TEN,A.J. Brown,WR,0,0,42,2021-11-07
TEN,Julio Jones,WR,0,0,35,2021-11-07
TEN,Geoff Swaim,TE,0,0,29,2021-11-07
LAR,Matthew Stafford,QB,294,13,0,2021-11-07
LAR,Darrell Henderson,RB,0,55,3,2021-11-07
LAR,Robert Woods,WR,0,6,98,2021-11-07
LAR,Cooper Kupp,WR,0,0,95,2021-11-07
LAR,Tyler Higbee,TE,0,0,51,2021-11-07
LAR,Van Jefferson,WR,0,0,41,2021-11-07
CHI,Justin Fields,QB,291,45,0,2021-11-08
CHI,David Montgomery,RB,0,63,17,2021-11-08
CHI,Darnell Mooney,WR,0,15,41,2021-11-08
CHI,Cole Kmet,TE,0,0,87,2021-11-08
CHI,Allen Robinson,WR,0,0,68,2021-11-08
PIT,Ben Roethlisberger,QB,205,0,0,2021-11-08
PIT,Najee Harris,RB,0,62,16,2021-11-08
PIT,Chase Claypool,WR,0,13,30,2021-11-08
PIT,Pat Freiermuth,TE,0,0,43,2021-11-08
PIT,Derek Watt,FB,0,0,3,2021-11-08
BAL,Lamar Jackson,QB,238,39,0,2021-11-11
BAL,Devonta Freeman,RB,0,35,23,2021-11-11
BAL,Marquise Brown,WR,0,0,37,2021-11-11
BAL,Sammy Watkins,WR,0,0,7,2021-11-11
MIA,Jacoby Brissett,QB,156,4,0,2021-11-11
MIA,Albert Wilson,WR,0,19,87,2021-11-11
MIA,Myles Gaskin,RB,0,31,14,2021-11-11
MIA,Jaylen Waddle,WR,0,0,61,2021-11-11
MIA,Durham Smythe,TE,0,0,23,2021-11-11
MIA,Preston Williams,WR,0,0,0,2021-11-11
TAM,Tom Brady,QB,220,2,0,2021-11-14
TAM,Leonard Fournette,RB,0,47,45,2021-11-14
TAM,Mike Evans,WR,0,0,62,2021-11-14
TAM,Chris Godwin,WR,0,0,57,2021-11-14
TAM,Cameron Brate,TE,0,0,6,2021-11-14
WAS,Taylor Heinicke,QB,256,15,0,2021-11-14
WAS,Antonio Gibson,RB,0,64,14,2021-11-14
WAS,Terry McLaurin,WR,0,0,59,2021-11-14
WAS,Ricky Seals-Jones,TE,0,0,30,2021-11-14
WAS,Dax Milne,WR,0,0,22,2021-11-14
WAS,Adam Humphries,WR,0,0,5,2021-11-14
ATL,Matt Ryan,QB,117,0,0,2021-11-14
ATL,Cordarrelle Patterson,RB,0,25,14,2021-11-14
ATL,Mike Davis,RB,0,18,0,2021-11-14
ATL,Kyle Pitts,TE,0,0,60,2021-11-14
ATL,Russell Gage,WR,0,0,0,2021-11-14
ATL,Tajae Sharpe,WR,0,0,0,2021-11-14
DAL,Dak Prescott,QB,296,5,0,2021-11-14
DAL,Ezekiel Elliott,RB,4,41,15,2021-11-14
DAL,CeeDee Lamb,WR,0,12,94,2021-11-14
DAL,Amari Cooper,WR,0,0,51,2021-11-14
DAL,Michael Gallup,WR,0,0,42,2021-11-14
DAL,Dalton Schultz,TE,0,0,14,2021-11-14
DET,Jared Goff,QB,114,0,0,2021-11-14
DET,D'Andre Swift,RB,0,130,5,2021-11-14
DET,Amon-Ra St. Brown,WR,0,0,61,2021-11-14
DET,Kalif Raymond,WR,0,0,29,2021-11-14
DET,Brock Wright,TE,0,0,2,2021-11-14
DET,T.J. Hockenson,TE,0,0,0,2021-11-14
PIT,Mason Rudolph,QB,242,36,0,2021-11-14
PIT,Najee Harris,RB,0,105,28,2021-11-14
PIT,Diontae Johnson,WR,0,0,83,2021-11-14
PIT,Ray-Ray McCloud,WR,0,0,63,2021-11-14
PIT,Pat Freiermuth,TE,0,0,31,2021-11-14
PIT,James Washington,WR,0,0,15,2021-11-14
BUF,Josh Allen,QB,366,3,0,2021-11-14
BUF,Devin Singletary,RB,0,43,6,2021-11-14
BUF,Emmanuel Sanders,WR,0,24,27,2021-11-14
BUF,Stefon Diggs,WR,0,0,162,2021-11-14
BUF,Dawson Knox,TE,0,0,17,2021-11-14
NYJ,Mike White,QB,251,0,0,2021-11-14
NYJ,Tevin Coleman,RB,0,29,4,2021-11-14
NYJ,Ty Johnson,RB,0,2,36,2021-11-14
NYJ,Corey Davis,WR,0,0,93,2021-11-14
NYJ,Jamison Crowder,WR,0,0,20,2021-11-14
NYJ,Keelan Cole,WR,0,0,18,2021-11-14
NOR,Trevor Siemian,QB,298,0,0,2021-11-14
NOR,Mark Ingram,RB,0,47,61,2021-11-14
NOR,Tre'Quan Smith,WR,0,0,44,2021-11-14
NOR,Marquez Callaway,WR,0,0,37,2021-11-14
NOR,Adam Trautman,TE,0,0,32,2021-11-14
TEN,Ryan Tannehill,QB,213,1,0,2021-11-14
TEN,D'Onta Foreman,RB,0,30,48,2021-11-14
TEN,A.J. Brown,WR,0,7,16,2021-11-14
TEN,Geoff Swaim,TE,0,0,26,2021-11-14
TEN,Nick Westbrook-Ikhine,WR,0,0,10,2021-11-14
TEN,MyCole Pruitt,TE,0,0,2,2021-11-14
JAX,Trevor Lawrence,QB,162,33,0,2021-11-14
JAX,Laviska Shenault Jr.,WR,0,6,15,2021-11-14
JAX,Carlos Hyde,RB,0,4,0,2021-11-14
JAX,Marvin Jones,WR,0,0,35,2021-11-14
IND,Carson Wentz,QB,180,-1,0,2021-11-14
IND,Jonathan Taylor,RB,0,116,10,2021-11-14
IND,Nyheim Hines,RB,0,12,17,2021-11-14
IND,Michael Pittman Jr.,WR,0,0,71,2021-11-14
IND,Zach Pascal,WR,0,0,9,2021-11-14
IND,Mo Alie-Cox,TE,0,0,6,2021-11-14
CLE,Baker Mayfield,QB,73,0,0,2021-11-14
CLE,D'Ernest Johnson,RB,0,99,58,2021-11-14
CLE,Jarvis Landry,WR,0,0,26,2021-11-14
CLE,Austin Hooper,TE,0,0,25,2021-11-14
CLE,Donovan Peoples-Jones,WR,0,0,16,2021-11-14
CLE,David Njoku,TE,0,0,11,2021-11-14
NWE,Mac Jones,QB,198,0,0,2021-11-14
NWE,Rhamondre Stevenson,RB,0,100,14,2021-11-14
NWE,Jakobi Meyers,WR,0,0,49,2021-11-14
NWE,Hunter Henry,TE,0,0,37,2021-11-14
NWE,N'Keal Harry,WR,0,0,26,2021-11-14
MIN,Kirk Cousins,QB,294,-3,0,2021-11-14
MIN,Dalvin Cook,RB,0,94,24,2021-11-14
MIN,Adam Thielen,WR,0,0,65,2021-11-14
MIN,Chris Herndon,TE,0,0,14,2021-11-14
MIN,Tyler Conklin,TE,0,0,11,2021-11-14
MIN,Justin Jefferson,WR,0,-4,143,2021-11-14
LAC,Justin Herbert,QB,195,22,0,2021-11-14
LAC,Austin Ekeler,RB,0,44,15,2021-11-14
LAC,Keenan Allen,WR,0,0,98,2021-11-14
LAC,Mike Williams,WR,0,0,33,2021-11-14
LAC,Donald Parham,TE,0,0,17,2021-11-14
CAR,P.J. Walker,QB,167,6,0,2021-11-14
CAR,Christian McCaffrey,RB,0,95,66,2021-11-14
CAR,Robby Anderson,WR,0,0,37,2021-11-14
CAR,D.J. Moore,WR,0,0,24,2021-11-14
CAR,Tommy Tremble,TE,0,0,3,2021-11-14
ARI,Colt McCoy,QB,107,-1,0,2021-11-14
ARI,James Conner,RB,0,39,25,2021-11-14
ARI,Rondale Moore,WR,0,1,10,2021-11-14
ARI,Christian Kirk,WR,0,0,58,2021-11-14
ARI,Zach Ertz,TE,0,0,46,2021-11-14
ARI,Antoine Wesley,WR,0,0,0,2021-11-14
PHI,Jalen Hurts,QB,178,55,0,2021-11-14
PHI,Boston Scott,RB,0,81,24,2021-11-14
PHI,DeVonta Smith,WR,0,0,66,2021-11-14
PHI,Quez Watkins,WR,0,0,33,2021-11-14
PHI,Dallas Goedert,TE,0,0,28,2021-11-14
PHI,Jack Stoll,TE,0,0,6,2021-11-14
DEN,Teddy Bridgewater,QB,226,0,0,2021-11-14
DEN,Melvin Gordon,RB,0,45,-2,2021-11-14
DEN,Albert Okwuegbunam,TE,0,0,77,2021-11-14
DEN,Noah Fant,TE,0,0,59,2021-11-14
DEN,Courtland Sutton,WR,0,0,29,2021-11-14
DEN,Tim Patrick,WR,0,0,14,2021-11-14
SEA,Russell Wilson,QB,161,32,0,2021-11-14
SEA,Alex Collins,RB,0,41,8,2021-11-14
SEA,Gerald Everett,TE,0,0,63,2021-11-14
SEA,D.K. Metcalf,WR,0,0,26,2021-11-14
SEA,Tyler Lockett,WR,0,0,23,2021-11-14
SEA,Will Dissly,TE,0,0,22,2021-11-14
GNB,Aaron Rodgers,QB,292,8,0,2021-11-14
GNB,Aaron Jones,RB,0,25,61,2021-11-14
GNB,Davante Adams,WR,0,0,78,2021-11-14
GNB,Randall Cobb,WR,0,0,21,2021-11-14
GNB,Marcedes Lewis,TE,0,0,10,2021-11-14
GNB,Allen Lazard,WR,0,0,6,2021-11-14
KAN,Patrick Mahomes,QB,406,0,0,2021-11-14
KAN,Darrel Williams,RB,0,43,101,2021-11-14
KAN,Blake Bell,TE,0,3,0,2021-11-14
KAN,Tyreek Hill,WR,0,2,83,2021-11-14
KAN,Travis Kelce,TE,0,0,119,2021-11-14
LVR,Derek Carr,QB,261,18,0,2021-11-14
LVR,Josh Jacobs,RB,0,16,20,2021-11-14
LVR,Bryan Edwards,WR,0,0,88,2021-11-14
LVR,Darren Waller,TE,0,0,24,2021-11-14
LVR,Zay Jones,WR,0,0,22,2021-11-14
LAR,Matthew Stafford,QB,243,1,0,2021-11-15
LAR,Darrell Henderson,RB,0,31,10,2021-11-15
LAR,Cooper Kupp,WR,0,0,122,2021-11-15
LAR,Van Jefferson,WR,0,0,54,2021-11-15
LAR,Tyler Higbee,TE,0,0,20,2021-11-15
LAR,Odell Beckham Jr.,WR,0,0,18,2021-11-15
SFO,Jimmy Garoppolo,QB,182,1,0,2021-11-15
SFO,Elijah Mitchell,RB,0,91,0,2021-11-15
SFO,Deebo Samuel,WR,0,36,97,2021-11-15
SFO,George Kittle,TE,0,0,50,2021-11-15
SFO,Brandon Aiyuk,WR,0,0,26,2021-11-15
SFO,Jauan Jennings,WR,0,0,3,2021-11-15
NWE,Mac Jones,QB,207,1,0,2021-11-18
NWE,Damien Harris,RB,0,56,9,2021-11-18
NWE,Nelson Agholor,WR,0,0,40,2021-11-18
NWE,Jakobi Meyers,WR,0,0,39,2021-11-18
NWE,Jonnu Smith,TE,0,0,17,2021-11-18
NWE,N'Keal Harry,WR,0,0,14,2021-11-18
ATL,Matt Ryan,QB,153,0,0,2021-11-18
ATL,Keith Smith,FB,0,8,11,2021-11-18
ATL,Mike Davis,RB,0,1,20,2021-11-18
ATL,Russell Gage,WR,0,0,49,2021-11-18
ATL,Tajae Sharpe,WR,0,0,21,2021-11-18
IND,Carson Wentz,QB,106,18,0,2021-11-21
IND,Jonathan Taylor,RB,0,185,19,2021-11-21
IND,Zach Pascal,WR,0,9,0,2021-11-21
IND,Jack Doyle,TE,0,0,30,2021-11-21
IND,T.Y. Hilton,WR,0,0,26,2021-11-21
IND,Michael Pittman Jr.,WR,0,0,23,2021-11-21
BUF,Josh Allen,QB,209,18,0,2021-11-21
BUF,Devin Singletary,RB,0,17,26,2021-11-21
BUF,Dawson Knox,TE,0,0,80,2021-11-21
BUF,Emmanuel Sanders,WR,0,0,26,2021-11-21
BUF,Stefon Diggs,WR,0,0,23,2021-11-21
BUF,Reggie Gilliam,FB,0,0,7,2021-11-21
HOU,Tyrod Taylor,QB,107,28,0,2021-11-21
HOU,David Johnson,RB,0,18,16,2021-11-21
HOU,Chris Conley,WR,0,0,37,2021-11-21
HOU,Brandin Cooks,WR,0,0,18,2021-11-21
HOU,Pharaoh Brown,TE,0,0,10,2021-11-21
HOU,Brevin Jordan,TE,0,0,7,2021-11-21
TEN,Ryan Tannehill,QB,323,3,0,2021-11-21
TEN,Adrian Peterson,RB,0,40,4,2021-11-21
TEN,A.J. Brown,WR,0,0,48,2021-11-21
TEN,Marcus Johnson,WR,0,0,0,2021-11-21
SFO,Jimmy Garoppolo,QB,176,6,0,2021-11-21
SFO,Deebo Samuel,WR,0,79,15,2021-11-21
SFO,Jeff Wilson,RB,0,50,8,2021-11-21
SFO,Brandon Aiyuk,WR,0,0,85,2021-11-21
SFO,George Kittle,TE,0,0,34,2021-11-21
SFO,Kyle Juszczyk,FB,0,0,7,2021-11-21
SFO,Trent Williams,T,0,0,0,2021-11-21
JAX,Trevor Lawrence,QB,158,23,0,2021-11-21
JAX,James Robinson,RB,0,29,9,2021-11-21
JAX,Marvin Jones,WR,0,0,52,2021-11-21
JAX,Laviska Shenault Jr.,WR,0,0,50,2021-11-21
JAX,Laquon Treadwell,WR,0,0,11,2021-11-21
BAL,Tyler Huntley,QB,219,40,0,2021-11-21
BAL,Devonta Freeman,RB,0,49,31,2021-11-21
BAL,Patrick Ricard,FB,0,2,0,2021-11-21
BAL,Sammy Watkins,WR,0,0,48,2021-11-21
BAL,Devin Duvernay,WR,0,0,37,2021-11-21
BAL,Nick Boyle,TE,0,0,0,2021-11-21
CHI,Justin Fields,QB,79,23,0,2021-11-21
CHI,David Montgomery,RB,0,58,9,2021-11-21
CHI,Darnell Mooney,WR,0,0,121,2021-11-21
CHI,Marquise Goodwin,WR,0,0,104,2021-11-21
CHI,Cole Kmet,TE,0,0,12,2021-11-21
NOR,Trevor Siemian,QB,214,16,0,2021-11-21
NOR,Mark Ingram,RB,0,88,25,2021-11-21
NOR,Tre'Quan Smith,WR,0,0,64,2021-11-21
NOR,Adam Trautman,TE,0,0,58,2021-11-21
NOR,Marquez Callaway,WR,0,0,26,2021-11-21
PHI,Jalen Hurts,QB,147,69,0,2021-11-21
PHI,Miles Sanders,RB,0,94,0,2021-11-21
PHI,Dallas Goedert,TE,0,0,62,2021-11-21
PHI,DeVonta Smith,WR,0,0,61,2021-11-21
PHI,Quez Watkins,WR,0,0,0,2021-11-21
PHI,Jalen Reagor,WR,0,0,-1,2021-11-21
GNB,Aaron Rodgers,QB,385,21,0,2021-11-21
GNB,AJ Dillon,RB,0,53,44,2021-11-21
GNB,Marquez Valdes-Scantling,WR,0,0,123,2021-11-21
GNB,Davante Adams,WR,0,0,115,2021-11-21
GNB,Randall Cobb,WR,0,0,15,2021-11-21
MIN,Kirk Cousins,QB,341,-4,0,2021-11-21
MIN,Dalvin Cook,RB,0,86,29,2021-11-21
MIN,Justin Jefferson,WR,0,3,169,2021-11-21
MIN,Adam Thielen,WR,0,0,82,2021-11-21
MIN,Tyler Conklin,TE,0,0,35,2021-11-21
DET,Tim Boyle,QB,77,0,0,2021-11-21
DET,Jason Cabinda,FB,0,21,0,2021-11-21
DET,Jamaal Williams,RB,0,11,0,2021-11-21
DET,T.J. Hockenson,TE,0,0,51,2021-11-21
DET,Brock Wright,TE,0,0,12,2021-11-21
DET,Kalif Raymond,WR,0,0,0,2021-11-21
CLE,Baker Mayfield,QB,176,9,0,2021-11-21
CLE,Nick Chubb,RB,0,130,14,2021-11-21
CLE,Jarvis Landry,WR,0,16,26,2021-11-21
CLE,David Njoku,TE,0,1,20,2021-11-21
CLE,Austin Hooper,TE,0,0,53,2021-11-21
CLE,Rashard Higgins,WR,0,0,17,2021-11-21
WAS,Taylor Heinicke,QB,206,29,0,2021-11-21
WAS,Antonio Gibson,RB,0,95,0,2021-11-21
WAS,Terry McLaurin,WR,0,0,103,2021-11-21
WAS,John Bates,TE,0,0,23,2021-11-21
WAS,DeAndre Carter,WR,0,-3,22,2021-11-21
CAR,Cam Newton,QB,189,46,0,2021-11-21
CAR,Christian McCaffrey,RB,0,59,60,2021-11-21
CAR,Ameer Abdullah,RB,0,6,0,2021-11-21
CAR,D.J. Moore,WR,0,0,50,2021-11-21
CAR,Robby Anderson,WR,0,0,30,2021-11-21
CAR,Ian Thomas,TE,0,0,7,2021-11-21
MIA,Tua Tagovailoa,QB,273,6,0,2021-11-21
MIA,Albert Wilson,WR,0,-3,18,2021-11-21
MIA,Myles Gaskin,RB,0,89,7,2021-11-21
MIA,Jaylen Waddle,WR,0,1,65,2021-11-21
MIA,Mike Gesicki,TE,0,0,50,2021-11-21
MIA,Adam Shaheen,TE,0,0,19,2021-11-21
NYJ,Joe Flacco,QB,291,3,0,2021-11-21
NYJ,Michael Carter,RB,0,63,2,2021-11-21
NYJ,Michael Carter,CB,0,63,2,2021-11-21
NYJ,Elijah Moore,WR,0,15,141,2021-11-21
NYJ,Ryan Griffin,TE,0,0,39,2021-11-21
NYJ,Corey Davis,WR,0,0,35,2021-11-21
CIN,Joe Burrow,QB,148,11,0,2021-11-21
CIN,Joe Mixon,RB,0,123,0,2021-11-21
CIN,Ja'Marr Chase,WR,0,8,32,2021-11-21
CIN,Tee Higgins,WR,0,0,15,2021-11-21
CIN,C.J. Uzomah,TE,0,0,9,2021-11-21
CIN,Drew Sample,TE,0,0,3,2021-11-21
LVR,Derek Carr,QB,215,0,0,2021-11-21
LVR,Hunter Renfrow,WR,0,5,30,2021-11-21
LVR,Peyton Barber,RB,0,3,0,2021-11-21
LVR,Darren Waller,TE,0,0,116,2021-11-21
LVR,Zay Jones,WR,0,0,20,2021-11-21
LVR,Bryan Edwards,WR,0,0,0,2021-11-21
DAL,Dak Prescott,QB,216,0,0,2021-11-21
DAL,Ezekiel Elliott,RB,0,32,36,2021-11-21
DAL,Dalton Schultz,TE,0,0,53,2021-11-21
DAL,Michael Gallup,WR,0,0,44,2021-11-21
DAL,CeeDee Lamb,WR,0,0,14,2021-11-21
DAL,Noah Brown,WR,0,0,0,2021-11-21
KAN,Patrick Mahomes,QB,260,11,0,2021-11-21
KAN,Clyde Edwards-Helaire,RB,0,63,13,2021-11-21
KAN,Tyreek Hill,WR,0,33,77,2021-11-21
KAN,Travis Kelce,TE,0,4,74,2021-11-21
KAN,Blake Bell,TE,0,0,8,2021-11-21
KAN,Josh Gordon,WR,0,0,7,2021-11-21
ARI,Colt McCoy,QB,328,18,0,2021-11-21
ARI,James Conner,RB,0,62,37,2021-11-21
ARI,Zach Ertz,TE,0,0,88,2021-11-21
ARI,Rondale Moore,WR,0,0,51,2021-11-21
ARI,Christian Kirk,WR,0,0,25,2021-11-21
ARI,Darrell Daniels,TE,0,0,0,2021-11-21
SEA,Russell Wilson,QB,207,2,0,2021-11-21
SEA,Rashaad Penny,RB,0,19,0,2021-11-21
SEA,Tyler Lockett,WR,0,0,115,2021-11-21
SEA,Gerald Everett,TE,0,0,37,2021-11-21
SEA,D.K. Metcalf,WR,0,0,31,2021-11-21
SEA,Will Dissly,TE,0,0,16,2021-11-21
PIT,Ben Roethlisberger,QB,273,0,0,2021-11-21
PIT,Najee Harris,RB,0,39,20,2021-11-21
PIT,Chase Claypool,WR,0,1,93,2021-11-21
PIT,Diontae Johnson,WR,0,0,101,2021-11-21
PIT,Eric Ebron,TE,0,0,24,2021-11-21
PIT,Pat Freiermuth,TE,0,0,11,2021-11-21
LAC,Justin Herbert,QB,382,90,0,2021-11-21
LAC,Austin Ekeler,RB,0,50,65,2021-11-21
LAC,Keenan Allen,WR,0,0,112,2021-11-21
LAC,Donald Parham,TE,0,0,38,2021-11-21
LAC,Jared Cook,TE,0,0,28,2021-11-21
NYG,Daniel Jones,QB,167,10,0,2021-11-22
NYG,Kadarius Toney,WR,0,0,40,2021-11-22
NYG,Saquon Barkley,RB,0,25,31,2021-11-22
NYG,Kyle Rudolph,TE,0,0,28,2021-11-22
NYG,Kenny Golladay,WR,0,0,12,2021-11-22
NYG,Evan Engram,TE,0,0,12,2021-11-22
NYG,Andrew Thomas,T,0,0,2,2021-11-22
TAM,Tom Brady,QB,307,10,0,2021-11-22
TAM,Leonard Fournette,RB,0,35,39,2021-11-22
TAM,Mike Evans,WR,0,10,73,2021-11-22
TAM,Chris Godwin,WR,0,7,65,2021-11-22
TAM,Rob Gronkowski,TE,0,0,71,2021-11-22
TAM,O.J. Howard,TE,0,0,10,2021-11-22
CHI,Andy Dalton,QB,317,11,0,2021-11-25
CHI,David Montgomery,RB,0,46,28,2021-11-25
CHI,Darnell Mooney,WR,0,2,123,2021-11-25
CHI,Cole Kmet,TE,0,0,65,2021-11-25
CHI,Damiere Byrd,WR,0,0,42,2021-11-25
CHI,Marquise Goodwin,WR,0,0,0,2021-11-25
DET,Jared Goff,QB,171,0,0,2021-11-25
DET,Josh Reynolds,WR,0,0,70,2021-11-25
DET,T.J. Hockenson,TE,0,0,35,2021-11-25
DET,Amon-Ra St. Brown,WR,0,0,23,2021-11-25
DET,Kalif Raymond,WR,0,0,16,2021-11-25
DET,D'Andre Swift,RB,0,0,9,2021-11-25
LVR,Derek Carr,QB,373,21,0,2021-11-25
LVR,Josh Jacobs,RB,0,87,25,2021-11-25
LVR,Hunter Renfrow,WR,0,2,134,2021-11-25
LVR,DeSean Jackson,WR,0,0,102,2021-11-25
LVR,Darren Waller,TE,0,0,33,2021-11-25
LVR,Foster Moreau,TE,0,0,3,2021-11-25
DAL,Dak Prescott,QB,375,3,0,2021-11-25
DAL,Ezekiel Elliott,RB,0,25,24,2021-11-25
DAL,Michael Gallup,WR,0,0,106,2021-11-25
DAL,Cedrick Wilson Jr.,WR,0,0,104,2021-11-25
DAL,Dalton Schultz,TE,0,0,46,2021-11-25
DAL,Sean McKeon,TE,0,0,10,2021-11-25
BUF,Josh Allen,QB,260,43,0,2021-11-25
BUF,Devin Singletary,RB,0,44,4,2021-11-25
BUF,Stefon Diggs,WR,0,0,74,2021-11-25
BUF,Dawson Knox,TE,0,0,32,2021-11-25
BUF,Emmanuel Sanders,WR,0,0,28,2021-11-25
NOR,Trevor Siemian,QB,163,3,0,2021-11-25
NOR,Tony Jones,RB,0,27,0,2021-11-25
NOR,Adam Prentice,FB,0,0,10,2021-11-25
NOR,Deonte Harris,WR,0,0,9,2021-11-25
ATL,Matt Ryan,QB,190,6,0,2021-11-28
ATL,Cordarrelle Patterson,RB,0,108,27,2021-11-28
ATL,Kyle Pitts,TE,0,0,26,2021-11-28
ATL,Keith Smith,FB,0,0,16,2021-11-28
ATL,Olamide Zaccheaus,WR,0,0,5,2021-11-28
JAX,Trevor Lawrence,QB,228,39,0,2021-11-28
JAX,James Robinson,RB,0,86,29,2021-11-28
JAX,Marvin Jones,WR,0,0,43,2021-11-28
JAX,Laviska Shenault Jr.,WR,0,0,33,2021-11-28
JAX,James O'Shaughnessy,TE,0,0,29,2021-11-28
JAX,Chris Manhertz,TE,0,0,11,2021-11-28
NYJ,Zach Wilson,QB,145,3,0,2021-11-28
NYJ,Tevin Coleman,RB,0,67,3,2021-11-28
NYJ,Elijah Moore,WR,0,7,46,2021-11-28
NYJ,Keelan Cole,WR,0,0,24,2021-11-28
NYJ,Ryan Griffin,TE,0,0,20,2021-11-28
NYJ,Jamison Crowder,WR,0,0,5,2021-11-28
HOU,Tyrod Taylor,QB,158,30,0,2021-11-28
HOU,David Johnson,RB,0,39,16,2021-11-28
HOU,Brandin Cooks,WR,0,0,45,2021-11-28
HOU,Nico Collins,WR,0,0,28,2021-11-28
PIT,Ben Roethlisberger,QB,263,0,0,2021-11-28
PIT,Najee Harris,RB,0,23,14,2021-11-28
PIT,Diontae Johnson,WR,0,0,95,2021-11-28
PIT,Chase Claypool,WR,0,0,82,2021-11-28
PIT,Pat Freiermuth,TE,0,0,40,2021-11-28
PIT,Zach Gentry,TE,0,0,10,2021-11-28
CIN,Joe Burrow,QB,190,8,0,2021-11-28
CIN,Joe Mixon,RB,0,165,-2,2021-11-28
CIN,Tee Higgins,WR,0,0,114,2021-11-28
CIN,Ja'Marr Chase,WR,0,0,39,2021-11-28
CIN,C.J. Uzomah,TE,0,0,9,2021-11-28
PHI,Jalen Hurts,QB,129,77,0,2021-11-28
PHI,Miles Sanders,RB,0,64,0,2021-11-28
PHI,Jalen Reagor,WR,0,0,31,2021-11-28
PHI,DeVonta Smith,WR,0,0,22,2021-11-28
PHI,JJ Arcega-Whiteside,WR,0,0,13,2021-11-28
PHI,Dallas Goedert,TE,0,0,0,2021-11-28
NYG,Daniel Jones,QB,202,30,0,2021-11-28
NYG,Saquon Barkley,RB,0,40,13,2021-11-28
NYG,Kenny Golladay,WR,0,0,50,2021-11-28
NYG,Evan Engram,TE,0,0,37,2021-11-28
NYG,Chris Myarick,TE,0,0,11,2021-11-28
NYG,Darius Slayton,WR,0,-13,40,2021-11-28
CAR,Cam Newton,QB,92,5,0,2021-11-28
CAR,Christian McCaffrey,RB,0,35,0,2021-11-28
CAR,D.J. Moore,WR,0,0,103,2021-11-28
CAR,Tommy Tremble,TE,0,0,4,2021-11-28
CAR,Ian Thomas,TE,0,0,0,2021-11-28
MIA,Tua Tagovailoa,QB,230,0,0,2021-11-28
MIA,Myles Gaskin,RB,0,49,3,2021-11-28
MIA,Durham Smythe,TE,0,3,32,2021-11-28
MIA,Jaylen Waddle,WR,0,0,137,2021-11-28
MIA,Mike Gesicki,TE,0,0,17,2021-11-28
MIA,Albert Wilson,WR,0,0,17,2021-11-28
TEN,Ryan Tannehill,QB,93,24,0,2021-11-28
TEN,Dontrell Hilliard,RB,0,131,2,2021-11-28
TEN,Nick Westbrook-Ikhine,WR,0,0,25,2021-11-28
TEN,Cody Hollister,WR,0,0,22,2021-11-28
TEN,Geoff Swaim,TE,0,0,8,2021-11-28
NWE,Mac Jones,QB,310,11,0,2021-11-28
NWE,Damien Harris,RB,0,40,12,2021-11-28
NWE,Jonnu Smith,TE,0,9,49,2021-11-28
NWE,Jakobi Meyers,WR,0,0,98,2021-11-28
NWE,Kendrick Bourne,WR,0,0,61,2021-11-28
NWE,Nelson Agholor,WR,0,0,20,2021-11-28
TAM,Tom Brady,QB,226,2,0,2021-11-28
TAM,Leonard Fournette,RB,0,100,31,2021-11-28
TAM,Chris Godwin,WR,0,3,24,2021-11-28
TAM,Rob Gronkowski,TE,0,0,123,2021-11-28
TAM,Mike Evans,WR,0,0,16,2021-11-28
IND,Carson Wentz,QB,306,21,0,2021-11-28
IND,Jonathan Taylor,RB,0,83,14,2021-11-28
IND,Michael Pittman Jr.,WR,0,0,53,2021-11-28
IND,T.Y. Hilton,WR,0,0,28,2021-11-28
IND,Zach Pascal,WR,0,0,12,2021-11-28
IND,Mo Alie-Cox,TE,0,0,8,2021-11-28
LAC,Justin Herbert,QB,303,36,0,2021-11-28
LAC,Austin Ekeler,RB,0,31,68,2021-11-28
LAC,Keenan Allen,WR,0,0,85,2021-11-28
LAC,Mike Williams,WR,0,0,39,2021-11-28
LAC,Donald Parham,TE,0,0,5,2021-11-28
LAC,Tre' McKitty,TE,0,0,0,2021-11-28
DEN,Teddy Bridgewater,QB,129,10,0,2021-11-28
DEN,Melvin Gordon,RB,0,83,5,2021-11-28
DEN,Tim Patrick,WR,0,0,26,2021-11-28
DEN,Jerry Jeudy,WR,0,0,25,2021-11-28
DEN,Courtland Sutton,WR,0,0,17,2021-11-28
DEN,Noah Fant,TE,0,0,12,2021-11-28
MIN,Kirk Cousins,QB,238,0,0,2021-11-28
MIN,Justin Jefferson,WR,24,0,83,2021-11-28
MIN,Dalvin Cook,RB,0,39,64,2021-11-28
MIN,Adam Thielen,WR,0,0,62,2021-11-28
MIN,Tyler Conklin,TE,0,0,25,2021-11-28
MIN,K.J. Osborn,WR,0,0,5,2021-11-28
SFO,Jimmy Garoppolo,QB,230,0,0,2021-11-28
SFO,Elijah Mitchell,RB,0,133,35,2021-11-28
SFO,Deebo Samuel,WR,0,66,12,2021-11-28
SFO,Brandon Aiyuk,WR,0,4,91,2021-11-28
SFO,Kyle Juszczyk,FB,0,0,37,2021-11-28
SFO,George Kittle,TE,0,0,13,2021-11-28
LAR,Matthew Stafford,QB,302,-1,0,2021-11-28
LAR,Cooper Kupp,WR,0,0,96,2021-11-28
LAR,Darrell Henderson,RB,0,55,18,2021-11-28
LAR,Van Jefferson,WR,0,0,93,2021-11-28
LAR,Odell Beckham Jr.,WR,0,0,81,2021-11-28
LAR,Tyler Higbee,TE,0,0,3,2021-11-28
GNB,Aaron Rodgers,QB,307,0,0,2021-11-28
GNB,Aaron Jones,RB,0,23,0,2021-11-28
GNB,Davante Adams,WR,0,0,104,2021-11-28
GNB,Marquez Valdes-Scantling,WR,0,0,50,2021-11-28
GNB,Marcedes Lewis,TE,0,0,4,2021-11-28
CLE,Baker Mayfield,QB,247,4,0,2021-11-28
CLE,Jarvis Landry,WR,0,0,111,2021-11-28
CLE,Nick Chubb,RB,0,16,23,2021-11-28
CLE,Harrison Bryant,TE,0,0,50,2021-11-28
CLE,David Njoku,TE,0,0,35,2021-11-28
CLE,Austin Hooper,TE,0,0,0,2021-11-28
BAL,Lamar Jackson,QB,165,68,0,2021-11-28
BAL,Latavius Murray,RB,0,14,0,2021-11-28
BAL,Devin Duvernay,WR,0,13,2,2021-11-28
BAL,Marquise Brown,WR,0,0,51,2021-11-28
BAL,Rashod Bateman,WR,0,0,31,2021-11-28
BAL,Patrick Ricard,FB,0,0,0,2021-11-28
SEA,Russell Wilson,QB,247,16,0,2021-11-29
SEA,Alex Collins,RB,0,14,13,2021-11-29
SEA,Tyler Lockett,WR,0,0,96,2021-11-29
SEA,Gerald Everett,TE,0,0,37,2021-11-29
SEA,Will Dissly,TE,0,0,19,2021-11-29
SEA,D.K. Metcalf,WR,0,0,13,2021-11-29
WAS,Taylor Heinicke,QB,223,3,0,2021-11-29
WAS,J.D. McKissic,RB,0,30,26,2021-11-29
WAS,DeAndre Carter,WR,0,4,42,2021-11-29
WAS,Terry McLaurin,WR,0,0,51,2021-11-29
WAS,Logan Thomas,TE,0,0,31,2021-11-29
WAS,Adam Humphries,WR,0,0,14,2021-11-29
DAL,Dak Prescott,QB,238,-3,0,2021-12-02
DAL,Ezekiel Elliott,RB,0,45,2,2021-12-02
DAL,CeeDee Lamb,WR,0,33,89,2021-12-02
DAL,Dalton Schultz,TE,0,0,43,2021-12-02
DAL,Michael Gallup,WR,0,0,36,2021-12-02
NOR,Taysom Hill,QB,264,101,0,2021-12-02
NOR,Ty Montgomery,WR,0,21,9,2021-12-02
NOR,Tre'Quan Smith,WR,0,0,15,2021-12-02
NOR,Marquez Callaway,WR,0,0,13,2021-12-02
NOR,Garrett Griffin,TE,0,0,9,2021-12-02
ARI,Kyler Murray,QB,123,59,0,2021-12-05
ARI,James Conner,RB,0,75,36,2021-12-05
ARI,Rondale Moore,WR,0,2,8,2021-12-05
ARI,DeAndre Hopkins,WR,0,0,32,2021-12-05
ARI,Zach Ertz,TE,0,0,10,2021-12-05
ARI,Demetrius Harris,TE,0,0,7,2021-12-05
CHI,Andy Dalton,QB,229,6,0,2021-12-05
CHI,David Montgomery,RB,0,90,51,2021-12-05
CHI,Cole Kmet,TE,0,0,41,2021-12-05
CHI,Darnell Mooney,WR,0,0,27,2021-12-05
LAC,Justin Herbert,QB,317,6,0,2021-12-05
LAC,Austin Ekeler,RB,0,59,45,2021-12-05
LAC,Mike Williams,WR,0,0,110,2021-12-05
LAC,Keenan Allen,WR,0,0,34,2021-12-05
LAC,Jared Cook,TE,0,0,29,2021-12-05
LAC,Josh Palmer,WR,0,0,0,2021-12-05
CIN,Joe Burrow,QB,300,6,0,2021-12-05
CIN,Joe Mixon,RB,0,54,0,2021-12-05
CIN,Tee Higgins,WR,0,0,138,2021-12-05
CIN,Tyler Boyd,WR,0,0,85,2021-12-05
CIN,Ja'Marr Chase,WR,0,0,52,2021-12-05
CIN,C.J. Uzomah,TE,0,0,20,2021-12-05
PHI,Gardner Minshew II,QB,242,11,0,2021-12-05
PHI,Miles Sanders,RB,0,120,22,2021-12-05
PHI,Dallas Goedert,TE,0,0,105,2021-12-05
PHI,Jalen Reagor,WR,0,0,7,2021-12-05
NYJ,Zach Wilson,QB,226,0,0,2021-12-05
NYJ,Tevin Coleman,RB,0,58,19,2021-12-05
NYJ,Elijah Moore,WR,0,9,77,2021-12-05
NYJ,Ryan Griffin,TE,0,0,15,2021-12-05
NYJ,Corey Davis,WR,0,0,15,2021-12-05
TAM,Tom Brady,QB,368,-1,0,2021-12-05
TAM,Leonard Fournette,RB,0,44,48,2021-12-05
TAM,Chris Godwin,WR,0,9,143,2021-12-05
TAM,Mike Evans,WR,0,0,99,2021-12-05
TAM,Rob Gronkowski,TE,0,0,58,2021-12-05
ATL,Matt Ryan,QB,297,2,0,2021-12-05
ATL,Cordarrelle Patterson,RB,0,78,18,2021-12-05
ATL,Olamide Zaccheaus,WR,0,2,44,2021-12-05
ATL,Kyle Pitts,TE,0,0,48,2021-12-05
ATL,Keith Smith,FB,0,0,2,2021-12-05
MIN,Kirk Cousins,QB,340,6,0,2021-12-05
MIN,Justin Jefferson,WR,0,4,182,2021-12-05
MIN,Alexander Mattison,RB,0,90,34,2021-12-05
MIN,Tyler Conklin,TE,0,0,56,2021-12-05
MIN,Adam Thielen,WR,0,0,0,2021-12-05
DET,Jared Goff,QB,296,1,0,2021-12-05
DET,Jamaal Williams,RB,0,71,9,2021-12-05
DET,Amon-Ra St. Brown,WR,0,2,86,2021-12-05
DET,Josh Reynolds,WR,0,0,69,2021-12-05
DET,T.J. Hockenson,TE,0,0,49,2021-12-05
DET,Kalif Raymond,WR,0,0,33,2021-12-05
NYG,Mike Glennon,QB,187,0,0,2021-12-05
NYG,Saquon Barkley,RB,0,55,19,2021-12-05
NYG,Evan Engram,TE,0,0,61,2021-12-05
NYG,Kenny Golladay,WR,0,0,37,2021-12-05
NYG,Kyle Rudolph,TE,0,0,18,2021-12-05
NYG,Darius Slayton,WR,0,0,13,2021-12-05
MIA,Tua Tagovailoa,QB,244,1,0,2021-12-05
MIA,Myles Gaskin,RB,0,44,5,2021-12-05
MIA,Jaylen Waddle,WR,0,0,90,2021-12-05
MIA,Albert Wilson,WR,0,0,26,2021-12-05
MIA,Hunter Long,TE,0,0,8,2021-12-05
MIA,Durham Smythe,TE,0,0,0,2021-12-05
IND,Carson Wentz,QB,158,8,0,2021-12-05
IND,Jonathan Taylor,RB,0,143,0,2021-12-05
IND,Michael Pittman Jr.,WR,0,33,77,2021-12-05
IND,T.Y. Hilton,WR,0,0,22,2021-12-05
IND,Jack Doyle,TE,0,0,13,2021-12-05
IND,Mo Alie-Cox,TE,0,0,0,2021-12-05
HOU,Tyrod Taylor,QB,45,15,0,2021-12-05
HOU,Rex Burkhead,RB,0,30,15,2021-12-05
HOU,Brandin Cooks,WR,0,16,38,2021-12-05
HOU,Davion Davis,WR,0,0,0,2021-12-05
HOU,Nico Collins,WR,0,0,0,2021-12-05
SFO,Jimmy Garoppolo,QB,299,0,0,2021-12-05
SFO,Elijah Mitchell,RB,0,66,18,2021-12-05
SFO,George Kittle,TE,0,5,181,2021-12-05
SFO,Brandon Aiyuk,WR,0,0,55,2021-12-05
SFO,Kyle Juszczyk,FB,0,0,21,2021-12-05
SFO,Trent Sherfield,WR,0,0,16,2021-12-05
SEA,Russell Wilson,QB,231,15,0,2021-12-05
SEA,Adrian Peterson,RB,0,16,0,2021-12-05
SEA,Tyler Lockett,WR,0,0,68,2021-12-05
SEA,D.K. Metcalf,WR,0,0,60,2021-12-05
SEA,Freddie Swain,WR,0,0,18,2021-12-05
SEA,Will Dissly,TE,0,0,7,2021-12-05
WAS,Taylor Heinicke,QB,196,10,0,2021-12-05
WAS,Antonio Gibson,RB,0,88,23,2021-12-05
WAS,Logan Thomas,TE,0,0,48,2021-12-05
WAS,John Bates,TE,0,0,42,2021-12-05
WAS,Terry McLaurin,WR,0,0,22,2021-12-05
WAS,DeAndre Carter,WR,0,0,6,2021-12-05
LVR,Derek Carr,QB,249,24,0,2021-12-05
LVR,Josh Jacobs,RB,0,52,38,2021-12-05
LVR,Hunter Renfrow,WR,0,0,102,2021-12-05
LVR,Foster Moreau,TE,0,0,34,2021-12-05
LVR,Bryan Edwards,WR,0,0,30,2021-12-05
LVR,Zay Jones,WR,0,0,21,2021-12-05
BAL,Lamar Jackson,QB,253,55,0,2021-12-05
BAL,Devonta Freeman,RB,0,52,45,2021-12-05
BAL,Marquise Brown,WR,0,0,55,2021-12-05
BAL,Mark Andrews,TE,0,0,50,2021-12-05
BAL,Sammy Watkins,WR,0,0,39,2021-12-05
BAL,Patrick Ricard,FB,0,0,9,2021-12-05
PIT,Ben Roethlisberger,QB,236,-1,0,2021-12-05
PIT,Najee Harris,RB,0,71,36,2021-12-05
PIT,Diontae Johnson,WR,0,0,105,2021-12-05
PIT,Pat Freiermuth,TE,0,0,26,2021-12-05
PIT,Zach Gentry,TE,0,0,10,2021-12-05
JAX,Trevor Lawrence,QB,145,10,0,2021-12-05
JAX,James Robinson,RB,0,24,11,2021-12-05
JAX,Laquon Treadwell,WR,0,0,62,2021-12-05
JAX,Marvin Jones,WR,0,0,11,2021-12-05
LAR,Matthew Stafford,QB,295,2,0,2021-12-05
LAR,Sony Michel,RB,0,121,8,2021-12-05
LAR,Cooper Kupp,WR,0,0,129,2021-12-05
LAR,Tyler Higbee,TE,0,0,48,2021-12-05
LAR,Van Jefferson,WR,0,0,41,2021-12-05
LAR,Ben Skowronek,WR,0,0,35,2021-12-05
DEN,Teddy Bridgewater,QB,257,17,0,2021-12-05
DEN,Javonte Williams,RB,0,102,76,2021-12-05
DEN,Jerry Jeudy,WR,0,0,77,2021-12-05
DEN,Noah Fant,TE,0,0,33,2021-12-05
DEN,Courtland Sutton,WR,0,0,15,2021-12-05
DEN,Tim Patrick,WR,0,0,9,2021-12-05
KAN,Patrick Mahomes,QB,184,12,0,2021-12-05
KAN,Clyde Edwards-Helaire,RB,0,54,28,2021-12-05
KAN,Travis Kelce,TE,0,0,27,2021-12-05
KAN,Tyreek Hill,WR,0,0,22,2021-12-05
NWE,Mac Jones,QB,19,-3,0,2021-12-06
NWE,Damien Harris,RB,0,111,0,2021-12-06
NWE,Nelson Agholor,WR,0,6,0,2021-12-06
NWE,Kendrick Bourne,WR,0,3,0,2021-12-06
NWE,Jonnu Smith,TE,0,-1,12,2021-12-06
BUF,Josh Allen,QB,145,39,0,2021-12-06
BUF,Devin Singletary,RB,0,36,0,2021-12-06
BUF,Stefon Diggs,WR,0,0,51,2021-12-06
BUF,Emmanuel Sanders,WR,0,0,22,2021-12-06
BUF,Dawson Knox,TE,0,0,14,2021-12-06
PIT,Ben Roethlisberger,QB,308,5,0,2021-12-09
PIT,Najee Harris,RB,0,94,10,2021-12-09
PIT,Diontae Johnson,WR,0,7,76,2021-12-09
PIT,Chase Claypool,WR,0,2,93,2021-12-09
PIT,Ray-Ray McCloud,WR,0,0,32,2021-12-09
MIN,Kirk Cousins,QB,216,14,0,2021-12-09
MIN,Dalvin Cook,RB,0,205,17,2021-12-09
MIN,K.J. Osborn,WR,0,0,83,2021-12-09
MIN,Tyler Conklin,TE,0,0,20,2021-12-09
MIN,Chris Herndon,TE,0,0,17,2021-12-09
MIN,Justin Jefferson,WR,0,-4,79,2021-12-09
