player_id,name,position,date,team,venue,opponent,outcome,goals,assists,shots,ice_time
ovechal01,Alex Ovechkin,LW,2019-10-02,WSH,Away,STL,W,1,0,5,23
ovechal01,Alex Ovechkin,LW,2019-10-04,WSH,Away,NYI,W,0,0,2,20
ovechal01,Alex Ovechkin,LW,2019-10-05,WSH,Home,CAR,L-OT,0,0,7,22
ovechal01,Alex Ovechkin,LW,2019-10-08,WSH,Home,DAL,L-OT,0,1,6,23
ovechal01,Alex Ovechkin,LW,2019-10-10,WSH,Away,NSH,L,2,0,2,19
ovechal01,Alex Ovechkin,LW,2019-10-12,WSH,Away,DAL,W,1,0,2,17
ovechal01,Alex Ovechkin,LW,2019-10-14,WSH,Home,COL,L,1,1,6,21
ovechal01,Alex Ovechkin,LW,2019-10-16,WSH,Home,TOR,W,0,1,2,21
ovechal01,Alex Ovechkin,LW,2019-10-18,WSH,Home,NYR,W,0,1,8,21
ovechal01,Alex Ovechkin,LW,2019-10-20,WSH,Away,CHI,W,1,0,5,17
ovechal01,Alex Ovechkin,LW,2019-10-22,WSH,Away,CGY,W,1,1,5,19
ovechal01,Alex Ovechkin,LW,2019-10-24,WSH,Away,EDM,L-OT,2,0,9,22
ovechal01,Alex Ovechkin,LW,2019-10-25,WSH,Away,VAN,W,0,0,1,20
ovechal01,Alex Ovechkin,LW,2019-10-29,WSH,Away,TOR,W,2,2,10,25
ovechal01,Alex Ovechkin,LW,2019-11-01,WSH,Home,BUF,W,0,1,2,18
ovechal01,Alex Ovechkin,LW,2019-11-03,WSH,Home,CGY,W,0,0,4,19
ovechal01,Alex Ovechkin,LW,2019-11-07,WSH,Away,FLA,W,2,1,8,20
ovechal01,Alex Ovechkin,LW,2019-11-09,WSH,Home,VEG,W,0,0,6,21
ovechal01,Alex Ovechkin,LW,2019-11-11,WSH,Home,ARI,L-SO,0,1,7,25
ovechal01,Alex Ovechkin,LW,2019-11-13,WSH,Away,PHI,W,0,0,2,24
ovechal01,Alex Ovechkin,LW,2019-11-15,WSH,Home,MTL,L,1,0,6,19
ovechal01,Alex Ovechkin,LW,2019-11-16,WSH,Away,BOS,W,0,0,3,21
ovechal01,Alex Ovechkin,LW,2019-11-18,WSH,Home,ANA,W,1,0,3,15
ovechal01,Alex Ovechkin,LW,2019-11-20,WSH,Away,NYR,L,0,0,1,21
ovechal01,Alex Ovechkin,LW,2019-11-23,WSH,Home,VAN,L-SO,0,0,7,21
ovechal01,Alex Ovechkin,LW,2019-11-27,WSH,Home,FLA,W,1,0,5,20
ovechal01,Alex Ovechkin,LW,2019-11-29,WSH,Home,TBL,W,1,0,7,20
ovechal01,Alex Ovechkin,LW,2019-11-30,WSH,Away,DET,W,3,1,4,20
ovechal01,Alex Ovechkin,LW,2019-12-03,WSH,Away,SJS,W,0,0,5,20
ovechal01,Alex Ovechkin,LW,2019-12-04,WSH,Away,LAK,W,0,0,2,20
matthau01,Auston Matthews,C,2019-10-02,TOR,Home,OTT,W,2,0,8,18
matthau01,Auston Matthews,C,2019-10-04,TOR,Away,CBJ,W,1,0,4,17
matthau01,Auston Matthews,C,2019-10-05,TOR,Home,MTL,L-SO,2,0,4,19
matthau01,Auston Matthews,C,2019-10-07,TOR,Home,STL,L,0,0,3,19
matthau01,Auston Matthews,C,2019-10-10,TOR,Home,TBL,L,1,1,6,18
matthau01,Auston Matthews,C,2019-10-12,TOR,Away,DET,W,0,0,4,19
matthau01,Auston Matthews,C,2019-10-15,TOR,Home,MIN,W,1,0,3,17
matthau01,Auston Matthews,C,2019-10-16,TOR,Away,WSH,L,0,0,2,20
matthau01,Auston Matthews,C,2019-10-19,TOR,Home,BOS,W,0,1,1,23
matthau01,Auston Matthews,C,2019-10-21,TOR,Home,CBJ,L-OT,1,1,6,19
matthau01,Auston Matthews,C,2019-10-22,TOR,Away,BOS,L,0,0,2,20
matthau01,Auston Matthews,C,2019-10-25,TOR,Home,SJS,W,1,0,6,18
matthau01,Auston Matthews,C,2019-10-26,TOR,Away,MTL,L,0,1,3,16
matthau01,Auston Matthews,C,2019-10-29,TOR,Home,WSH,L-OT,2,1,5,22
matthau01,Auston Matthews,C,2019-11-02,TOR,Away,PHI,W,0,0,1,22
matthau01,Auston Matthews,C,2019-11-05,TOR,Home,LAK,W,1,1,2,18
matthau01,Auston Matthews,C,2019-11-07,TOR,Home,VEG,W,1,0,6,22
matthau01,Auston Matthews,C,2019-11-09,TOR,Home,PHI,L-SO,0,2,1,21
matthau01,Auston Matthews,C,2019-11-10,TOR,Away,CHI,L,0,4,10,21
matthau01,Auston Matthews,C,2019-11-13,TOR,Away,NYI,L,0,1,0,18
matthau01,Auston Matthews,C,2019-11-15,TOR,Home,BOS,L,1,0,5,19
matthau01,Auston Matthews,C,2019-11-16,TOR,Away,PIT,L,0,0,2,17
matthau01,Auston Matthews,C,2019-11-19,TOR,Away,VEG,L,0,0,2,20
matthau01,Auston Matthews,C,2019-11-21,TOR,Away,ARI,W,1,0,3,17
matthau01,Auston Matthews,C,2019-11-23,TOR,Away,COL,W,1,1,2,20
matthau01,Auston Matthews,C,2019-11-27,TOR,Away,DET,W,0,0,5,16
matthau01,Auston Matthews,C,2019-11-29,TOR,Away,BUF,L,0,0,4,24
matthau01,Auston Matthews,C,2019-11-30,TOR,Home,BUF,W,0,1,4,20
matthau01,Auston Matthews,C,2019-12-03,TOR,Away,PHI,L,0,0,3,21
matthau01,Auston Matthews,C,2019-12-04,TOR,Home,COL,L,0,0,5,21
hamildo01,Dougie Hamilton,D,2019-10-03,CAR,Home,MTL,W,0,2,5,20
hamildo01,Dougie Hamilton,D,2019-10-05,CAR,Away,WSH,W,0,0,1,22
hamildo01,Dougie Hamilton,D,2019-10-06,CAR,Home,TBL,W,1,1,3,25
hamildo01,Dougie Hamilton,D,2019-10-08,CAR,Away,FLA,W,1,0,1,23
hamildo01,Dougie Hamilton,D,2019-10-11,CAR,Home,NYI,W,1,1,4,23
hamildo01,Dougie Hamilton,D,2019-10-12,CAR,Home,CBJ,L,1,0,5,24
hamildo01,Dougie Hamilton,D,2019-10-15,CAR,Away,LAK,W,0,0,4,23
hamildo01,Dougie Hamilton,D,2019-10-16,CAR,Away,SJS,L,1,0,4,23
hamildo01,Dougie Hamilton,D,2019-10-18,CAR,Away,ANA,L,0,1,2,24
hamildo01,Dougie Hamilton,D,2019-10-24,CAR,Away,CBJ,L-OT,1,0,4,24
hamildo01,Dougie Hamilton,D,2019-10-26,CAR,Home,CHI,W,0,1,1,21
hamildo01,Dougie Hamilton,D,2019-10-29,CAR,Home,CGY,W,0,1,2,21
hamildo01,Dougie Hamilton,D,2019-11-01,CAR,Home,DET,W,0,3,1,22
hamildo01,Dougie Hamilton,D,2019-11-02,CAR,Home,NJD,L,0,0,2,23
hamildo01,Dougie Hamilton,D,2019-11-05,CAR,Away,PHI,L,0,0,4,20
hamildo01,Dougie Hamilton,D,2019-11-07,CAR,Home,NYR,L,1,0,7,22
hamildo01,Dougie Hamilton,D,2019-11-09,CAR,Away,OTT,L,0,1,6,23
hamildo01,Dougie Hamilton,D,2019-11-11,CAR,Home,OTT,W,1,0,2,21
hamildo01,Dougie Hamilton,D,2019-11-14,CAR,Away,BUF,W,1,1,3,25
hamildo01,Dougie Hamilton,D,2019-11-16,CAR,Away,MIN,W,0,1,4,24
hamildo01,Dougie Hamilton,D,2019-11-19,CAR,Away,CHI,W,0,1,4,21
hamildo01,Dougie Hamilton,D,2019-11-21,CAR,Home,PHI,L,0,0,4,23
hamildo01,Dougie Hamilton,D,2019-11-23,CAR,Home,FLA,W,1,1,6,25
hamildo01,Dougie Hamilton,D,2019-11-24,CAR,Away,DET,W,0,0,3,22
hamildo01,Dougie Hamilton,D,2019-11-27,CAR,Away,NYR,L,0,1,6,27
hamildo01,Dougie Hamilton,D,2019-11-29,CAR,Home,NSH,L,0,0,2,23
hamildo01,Dougie Hamilton,D,2019-11-30,CAR,Away,TBL,W,0,2,4,23
hamildo01,Dougie Hamilton,D,2019-12-03,CAR,Away,BOS,L,0,0,4,21
mcdavco01,Connor McDavid,C,2019-10-02,EDM,Home,VAN,W,1,0,2,21
mcdavco01,Connor McDavid,C,2019-10-05,EDM,Home,LAK,W,1,3,3,24
mcdavco01,Connor McDavid,C,2019-10-08,EDM,Away,NYI,W,0,3,4,20
mcdavco01,Connor McDavid,C,2019-10-10,EDM,Away,NJD,W,1,1,3,25
mcdavco01,Connor McDavid,C,2019-10-12,EDM,Away,NYR,W,1,1,3,20
mcdavco01,Connor McDavid,C,2019-10-14,EDM,Away,CHI,L,0,0,2,26
mcdavco01,Connor McDavid,C,2019-10-16,EDM,Home,PHI,W,1,4,1,18
mcdavco01,Connor McDavid,C,2019-10-18,EDM,Home,DET,W,0,0,4,23
mcdavco01,Connor McDavid,C,2019-10-20,EDM,Away,WPG,L-SO,0,0,4,24
mcdavco01,Connor McDavid,C,2019-10-22,EDM,Away,MIN,L,0,0,2,21
mcdavco01,Connor McDavid,C,2019-10-24,EDM,Home,WSH,W,1,2,4,27
mcdavco01,Connor McDavid,C,2019-10-27,EDM,Home,FLA,L,0,1,4,23
mcdavco01,Connor McDavid,C,2019-10-29,EDM,Away,DET,L,0,1,3,26
mcdavco01,Connor McDavid,C,2019-10-30,EDM,Away,CBJ,W,0,1,3,23
mcdavco01,Connor McDavid,C,2019-11-02,EDM,Away,PIT,W,0,0,3,22
mcdavco01,Connor McDavid,C,2019-11-04,EDM,Home,ARI,L-OT,1,0,4,23
mcdavco01,Connor McDavid,C,2019-11-06,EDM,Home,STL,L,1,1,7,21
mcdavco01,Connor McDavid,C,2019-11-08,EDM,Home,NJD,W,0,1,3,19
mcdavco01,Connor McDavid,C,2019-11-10,EDM,Away,ANA,W,3,0,5,16
mcdavco01,Connor McDavid,C,2019-11-12,EDM,Away,SJS,L,0,1,1,18
mcdavco01,Connor McDavid,C,2019-11-14,EDM,Home,COL,W,3,3,6,17
mcdavco01,Connor McDavid,C,2019-11-16,EDM,Home,DAL,L-OT,0,3,5,23
mcdavco01,Connor McDavid,C,2019-11-19,EDM,Away,SJS,W,1,2,3,20
mcdavco01,Connor McDavid,C,2019-11-21,EDM,Away,LAK,L,1,0,4,20
mcdavco01,Connor McDavid,C,2019-11-23,EDM,Away,VEG,W,2,0,4,22
mcdavco01,Connor McDavid,C,2019-11-24,EDM,Away,ARI,W,0,1,3,25
mcdavco01,Connor McDavid,C,2019-11-27,EDM,Away,COL,L,0,0,3,19
mcdavco01,Connor McDavid,C,2019-11-30,EDM,Home,VAN,L,1,1,2,22
mcdavco01,Connor McDavid,C,2019-12-01,EDM,Away,VAN,W,0,2,2,23
mcdavco01,Connor McDavid,C,2019-12-04,EDM,Home,OTT,L,0,0,3,24
draisle01,Leon Draisaitl,C,2019-10-02,EDM,Home,VAN,W,1,2,6,26
draisle01,Leon Draisaitl,C,2019-10-05,EDM,Home,LAK,W,0,2,4,26
draisle01,Leon Draisaitl,C,2019-10-08,EDM,Away,NYI,W,0,2,3,21
draisle01,Leon Draisaitl,C,2019-10-10,EDM,Away,NJD,W,1,0,5,25
draisle01,Leon Draisaitl,C,2019-10-12,EDM,Away,NYR,W,2,1,4,23
draisle01,Leon Draisaitl,C,2019-10-14,EDM,Away,CHI,L,0,1,3,26
draisle01,Leon Draisaitl,C,2019-10-16,EDM,Home,PHI,W,2,1,3,19
draisle01,Leon Draisaitl,C,2019-10-18,EDM,Home,DET,W,0,1,2,20
draisle01,Leon Draisaitl,C,2019-10-20,EDM,Away,WPG,L-SO,0,0,4,25
draisle01,Leon Draisaitl,C,2019-10-22,EDM,Away,MIN,L,0,0,1,19
draisle01,Leon Draisaitl,C,2019-10-24,EDM,Home,WSH,W,2,1,5,26
draisle01,Leon Draisaitl,C,2019-10-27,EDM,Home,FLA,L,1,1,3,22
draisle01,Leon Draisaitl,C,2019-10-29,EDM,Away,DET,L,1,0,3,26
draisle01,Leon Draisaitl,C,2019-10-30,EDM,Away,CBJ,W,2,1,3,20
draisle01,Leon Draisaitl,C,2019-11-02,EDM,Away,PIT,W,1,0,3,23
draisle01,Leon Draisaitl,C,2019-11-04,EDM,Home,ARI,L-OT,0,1,1,25
draisle01,Leon Draisaitl,C,2019-11-06,EDM,Home,STL,L,0,2,3,23
draisle01,Leon Draisaitl,C,2019-11-08,EDM,Home,NJD,W,1,0,3,18
draisle01,Leon Draisaitl,C,2019-11-10,EDM,Away,ANA,W,0,4,2,17
draisle01,Leon Draisaitl,C,2019-11-12,EDM,Away,SJS,L,1,1,3,19
draisle01,Leon Draisaitl,C,2019-11-14,EDM,Home,COL,W,0,5,4,16
draisle01,Leon Draisaitl,C,2019-11-16,EDM,Home,DAL,L-OT,1,1,3,23
draisle01,Leon Draisaitl,C,2019-11-19,EDM,Away,SJS,W,0,1,3,20
draisle01,Leon Draisaitl,C,2019-11-21,EDM,Away,LAK,L,0,0,5,21
draisle01,Leon Draisaitl,C,2019-11-23,EDM,Away,VEG,W,0,3,2,21
draisle01,Leon Draisaitl,C,2019-11-24,EDM,Away,ARI,W,0,1,2,29
draisle01,Leon Draisaitl,C,2019-11-27,EDM,Away,COL,L,0,0,1,21
draisle01,Leon Draisaitl,C,2019-11-30,EDM,Home,VAN,L,0,0,3,22
draisle01,Leon Draisaitl,C,2019-12-01,EDM,Away,VAN,W,2,0,5,20
draisle01,Leon Draisaitl,C,2019-12-04,EDM,Home,OTT,L,0,1,1,23
marchbr03,Brad Marchand,LW,2019-10-03,BOS,Away,DAL,W,0,0,1,18
marchbr03,Brad Marchand,LW,2019-10-05,BOS,Away,ARI,W,1,0,3,20
marchbr03,Brad Marchand,LW,2019-10-08,BOS,Away,VEG,W,2,1,3,17
marchbr03,Brad Marchand,LW,2019-10-10,BOS,Away,COL,L,0,1,3,20
marchbr03,Brad Marchand,LW,2019-10-12,BOS,Home,NJD,W,1,1,3,18
marchbr03,Brad Marchand,LW,2019-10-14,BOS,Home,ANA,W,0,2,0,18
marchbr03,Brad Marchand,LW,2019-10-17,BOS,Home,TBL,L-SO,0,2,3,23
marchbr03,Brad Marchand,LW,2019-10-19,BOS,Away,TOR,L-OT,0,1,5,22
marchbr03,Brad Marchand,LW,2019-10-22,BOS,Home,TOR,W,1,1,4,19
marchbr03,Brad Marchand,LW,2019-10-26,BOS,Home,STL,W,0,1,2,21
marchbr03,Brad Marchand,LW,2019-10-27,BOS,Away,NYR,W,2,3,5,17
marchbr03,Brad Marchand,LW,2019-10-29,BOS,Home,SJS,W,0,1,5,15
marchbr03,Brad Marchand,LW,2019-11-02,BOS,Home,OTT,W,1,1,2,16
marchbr03,Brad Marchand,LW,2019-11-04,BOS,Home,PIT,W,2,3,2,24
marchbr03,Brad Marchand,LW,2019-11-05,BOS,Away,MTL,L,0,0,0,18
marchbr03,Brad Marchand,LW,2019-11-08,BOS,Away,DET,L,0,0,0,20
marchbr03,Brad Marchand,LW,2019-11-10,BOS,Home,PHI,L-SO,1,0,3,21
marchbr03,Brad Marchand,LW,2019-11-12,BOS,Home,FLA,L-SO,0,1,3,19
marchbr03,Brad Marchand,LW,2019-11-15,BOS,Away,TOR,W,2,0,7,18
marchbr03,Brad Marchand,LW,2019-11-16,BOS,Home,WSH,L-SO,0,0,1,24
marchbr03,Brad Marchand,LW,2019-11-19,BOS,Away,NJD,W,0,3,0,16
marchbr03,Brad Marchand,LW,2019-11-21,BOS,Home,BUF,W,2,0,2,19
marchbr03,Brad Marchand,LW,2019-11-23,BOS,Home,MIN,W,1,1,2,19
marchbr03,Brad Marchand,LW,2019-11-26,BOS,Away,MTL,W,1,2,4,15
marchbr03,Brad Marchand,LW,2019-11-27,BOS,Away,OTT,W,1,0,2,19
marchbr03,Brad Marchand,LW,2019-11-29,BOS,Home,NYR,W,0,0,1,19
marchbr03,Brad Marchand,LW,2019-12-01,BOS,Home,MTL,W,0,0,0,20
marchbr03,Brad Marchand,LW,2019-12-03,BOS,Home,CAR,W,0,1,4,17
pastrda01,David Pastrnak,RW,2019-10-03,BOS,Away,DAL,W,0,0,0,16
pastrda01,David Pastrnak,RW,2019-10-05,BOS,Away,ARI,W,0,0,3,16
pastrda01,David Pastrnak,RW,2019-10-08,BOS,Away,VEG,W,1,2,6,19
pastrda01,David Pastrnak,RW,2019-10-10,BOS,Away,COL,L,1,1,5,21
pastrda01,David Pastrnak,RW,2019-10-12,BOS,Home,NJD,W,0,1,2,16
pastrda01,David Pastrnak,RW,2019-10-14,BOS,Home,ANA,W,4,0,5,16
pastrda01,David Pastrnak,RW,2019-10-17,BOS,Home,TBL,L-SO,2,1,4,21
pastrda01,David Pastrnak,RW,2019-10-19,BOS,Away,TOR,L-OT,1,1,2,24
pastrda01,David Pastrnak,RW,2019-10-22,BOS,Home,TOR,W,1,1,5,18
pastrda01,David Pastrnak,RW,2019-10-26,BOS,Home,STL,W,1,0,3,17
pastrda01,David Pastrnak,RW,2019-10-27,BOS,Away,NYR,W,0,5,2,16
pastrda01,David Pastrnak,RW,2019-10-29,BOS,Home,SJS,W,1,0,3,14
pastrda01,David Pastrnak,RW,2019-11-02,BOS,Home,OTT,W,1,2,3,16
pastrda01,David Pastrnak,RW,2019-11-04,BOS,Home,PIT,W,1,1,5,20
pastrda01,David Pastrnak,RW,2019-11-05,BOS,Away,MTL,L,1,0,4,21
pastrda01,David Pastrnak,RW,2019-11-08,BOS,Away,DET,L,0,0,5,23
pastrda01,David Pastrnak,RW,2019-11-10,BOS,Home,PHI,L-SO,0,0,4,21
pastrda01,David Pastrnak,RW,2019-11-12,BOS,Home,FLA,L-SO,1,0,8,21
pastrda01,David Pastrnak,RW,2019-11-15,BOS,Away,TOR,W,0,0,3,17
pastrda01,David Pastrnak,RW,2019-11-16,BOS,Home,WSH,L-SO,1,0,5,22
pastrda01,David Pastrnak,RW,2019-11-19,BOS,Away,NJD,W,2,0,6,16
pastrda01,David Pastrnak,RW,2019-11-21,BOS,Home,BUF,W,1,1,7,20
pastrda01,David Pastrnak,RW,2019-11-23,BOS,Home,MIN,W,0,0,4,17
pastrda01,David Pastrnak,RW,2019-11-26,BOS,Away,MTL,W,3,0,4,16
pastrda01,David Pastrnak,RW,2019-11-27,BOS,Away,OTT,W,0,0,2,19
pastrda01,David Pastrnak,RW,2019-11-29,BOS,Home,NYR,W,1,1,5,21
pastrda01,David Pastrnak,RW,2019-12-01,BOS,Home,MTL,W,1,0,3,20
pastrda01,David Pastrnak,RW,2019-12-03,BOS,Home,CAR,W,0,1,3,18
mackina01,Nathan MacKinnon,C,2019-10-03,COL,Home,CGY,W,0,1,7,20
mackina01,Nathan MacKinnon,C,2019-10-05,COL,Home,MIN,W,0,2,3,22
mackina01,Nathan MacKinnon,C,2019-10-10,COL,Home,BOS,W,1,1,3,18
mackina01,Nathan MacKinnon,C,2019-10-12,COL,Home,ARI,W,0,1,3,21
mackina01,Nathan MacKinnon,C,2019-10-14,COL,Away,WSH,W,1,1,2,23
mackina01,Nathan MacKinnon,C,2019-10-16,COL,Away,PIT,L-OT,1,0,6,23
mackina01,Nathan MacKinnon,C,2019-10-18,COL,Away,FLA,W,1,0,5,21
mackina01,Nathan MacKinnon,C,2019-10-19,COL,Away,TBL,W,0,1,3,20
mackina01,Nathan MacKinnon,C,2019-10-21,COL,Away,STL,L,1,0,2,22
mackina01,Nathan MacKinnon,C,2019-10-25,COL,Away,VEG,W,0,2,4,19
mackina01,Nathan MacKinnon,C,2019-10-26,COL,Home,ANA,L,1,0,4,21
mackina01,Nathan MacKinnon,C,2019-10-30,COL,Home,FLA,L-OT,1,1,6,19
mackina01,Nathan MacKinnon,C,2019-11-01,COL,Home,DAL,L,1,0,12,23
mackina01,Nathan MacKinnon,C,2019-11-02,COL,Away,ARI,L,0,0,4,22
mackina01,Nathan MacKinnon,C,2019-11-05,COL,Away,DAL,L,0,0,8,20
mackina01,Nathan MacKinnon,C,2019-11-07,COL,Home,NSH,W,1,3,10,14
mackina01,Nathan MacKinnon,C,2019-11-09,COL,Home,CBJ,W,0,0,4,22
mackina01,Nathan MacKinnon,C,2019-11-12,COL,Away,WPG,W,2,2,6,20
mackina01,Nathan MacKinnon,C,2019-11-14,COL,Away,EDM,L,0,0,3,20
mackina01,Nathan MacKinnon,C,2019-11-16,COL,Away,VAN,W,2,1,4,24
mackina01,Nathan MacKinnon,C,2019-11-19,COL,Away,CGY,W,0,2,5,21
mackina01,Nathan MacKinnon,C,2019-11-21,COL,Away,MIN,L,0,1,2,21
mackina01,Nathan MacKinnon,C,2019-11-23,COL,Home,TOR,L,1,0,4,25
mackina01,Nathan MacKinnon,C,2019-11-27,COL,Home,EDM,W,1,1,10,23
mackina01,Nathan MacKinnon,C,2019-11-29,COL,Away,CHI,W,1,3,2,18
mackina01,Nathan MacKinnon,C,2019-11-30,COL,Home,CHI,W,1,2,5,12
mackina01,Nathan MacKinnon,C,2019-12-04,COL,Away,TOR,W,1,1,2,20
carlsjo01,John Carlson,D,2019-10-02,WSH,Away,STL,W,0,2,0,27
carlsjo01,John Carlson,D,2019-10-04,WSH,Away,NYI,W,0,1,1,24
carlsjo01,John Carlson,D,2019-10-05,WSH,Home,CAR,L-OT,0,0,4,25
carlsjo01,John Carlson,D,2019-10-08,WSH,Home,DAL,L-OT,1,1,4,26
carlsjo01,John Carlson,D,2019-10-10,WSH,Away,NSH,L,0,3,1,27
carlsjo01,John Carlson,D,2019-10-12,WSH,Away,DAL,W,1,1,2,24
carlsjo01,John Carlson,D,2019-10-14,WSH,Home,COL,L,0,1,2,25
carlsjo01,John Carlson,D,2019-10-16,WSH,Home,TOR,W,1,2,4,28
carlsjo01,John Carlson,D,2019-10-18,WSH,Home,NYR,W,0,3,1,25
carlsjo01,John Carlson,D,2019-10-20,WSH,Away,CHI,W,0,1,1,25
carlsjo01,John Carlson,D,2019-10-22,WSH,Away,CGY,W,2,0,3,23
carlsjo01,John Carlson,D,2019-10-24,WSH,Away,EDM,L-OT,0,1,3,25
carlsjo01,John Carlson,D,2019-10-25,WSH,Away,VAN,W,0,0,2,25
carlsjo01,John Carlson,D,2019-10-29,WSH,Away,TOR,W,2,0,7,27
carlsjo01,John Carlson,D,2019-11-01,WSH,Home,BUF,W,0,0,1,23
carlsjo01,John Carlson,D,2019-11-03,WSH,Home,CGY,W,0,0,6,24
carlsjo01,John Carlson,D,2019-11-07,WSH,Away,FLA,W,1,2,5,24
carlsjo01,John Carlson,D,2019-11-09,WSH,Home,VEG,W,0,2,4,24
carlsjo01,John Carlson,D,2019-11-11,WSH,Home,ARI,L-SO,0,1,3,27
carlsjo01,John Carlson,D,2019-11-13,WSH,Away,PHI,W,0,1,4,25
carlsjo01,John Carlson,D,2019-11-15,WSH,Home,MTL,L,0,1,3,21
carlsjo01,John Carlson,D,2019-11-16,WSH,Away,BOS,W,0,1,5,26
carlsjo01,John Carlson,D,2019-11-18,WSH,Home,ANA,W,0,3,0,20
carlsjo01,John Carlson,D,2019-11-20,WSH,Away,NYR,L,0,1,3,26
carlsjo01,John Carlson,D,2019-11-23,WSH,Home,VAN,L-SO,0,0,1,27
carlsjo01,John Carlson,D,2019-11-27,WSH,Home,FLA,W,0,0,1,23
carlsjo01,John Carlson,D,2019-11-29,WSH,Home,TBL,W,0,0,5,27
carlsjo01,John Carlson,D,2019-11-30,WSH,Away,DET,W,0,1,2,22
carlsjo01,John Carlson,D,2019-12-03,WSH,Away,SJS,W,1,2,2,22
carlsjo01,John Carlson,D,2019-12-04,WSH,Away,LAK,W,2,0,4,22
eicheja01,Jack Eichel,C,2019-10-03,BUF,Away,PIT,W,0,0,4,21
eicheja01,Jack Eichel,C,2019-10-05,BUF,Home,NJD,W,1,2,3,19
eicheja01,Jack Eichel,C,2019-10-07,BUF,Away,CBJ,L-OT,0,0,1,23
eicheja01,Jack Eichel,C,2019-10-09,BUF,Home,MTL,W,2,2,8,21
eicheja01,Jack Eichel,C,2019-10-11,BUF,Home,FLA,W,0,0,6,25
eicheja01,Jack Eichel,C,2019-10-14,BUF,Home,DAL,W,0,2,0,18
eicheja01,Jack Eichel,C,2019-10-16,BUF,Away,ANA,L,1,0,4,19
eicheja01,Jack Eichel,C,2019-10-17,BUF,Away,LAK,W,0,0,1,16
eicheja01,Jack Eichel,C,2019-10-19,BUF,Away,SJS,W,0,0,2,20
eicheja01,Jack Eichel,C,2019-10-22,BUF,Home,SJS,W,2,2,6,21
eicheja01,Jack Eichel,C,2019-10-24,BUF,Away,NYR,L,0,0,4,22
eicheja01,Jack Eichel,C,2019-10-25,BUF,Away,DET,W,0,2,2,18
eicheja01,Jack Eichel,C,2019-10-28,BUF,Home,ARI,L-SO,1,0,2,22
eicheja01,Jack Eichel,C,2019-11-01,BUF,Away,WSH,L,0,0,4,17
eicheja01,Jack Eichel,C,2019-11-02,BUF,Home,NYI,L,0,0,5,23
eicheja01,Jack Eichel,C,2019-11-08,BUF,Home,TBL,L,0,0,1,23
eicheja01,Jack Eichel,C,2019-11-09,BUF,Away,TBL,L,1,1,3,22
eicheja01,Jack Eichel,C,2019-11-14,BUF,Home,CAR,L-OT,0,0,5,25
eicheja01,Jack Eichel,C,2019-11-16,BUF,Home,OTT,W,4,0,5,19
eicheja01,Jack Eichel,C,2019-11-17,BUF,Away,CHI,L,1,0,6,21
eicheja01,Jack Eichel,C,2019-11-19,BUF,Home,MIN,L,0,1,4,21
eicheja01,Jack Eichel,C,2019-11-21,BUF,Away,BOS,L,0,1,2,24
eicheja01,Jack Eichel,C,2019-11-24,BUF,Away,FLA,W,1,2,2,20
eicheja01,Jack Eichel,C,2019-11-25,BUF,Away,TBL,L,0,1,4,22
eicheja01,Jack Eichel,C,2019-11-27,BUF,Home,CGY,L-OT,0,1,5,22
eicheja01,Jack Eichel,C,2019-11-29,BUF,Home,TOR,W,2,1,8,21
eicheja01,Jack Eichel,C,2019-11-30,BUF,Away,TOR,L-OT,0,1,2,23
eicheja01,Jack Eichel,C,2019-12-02,BUF,Home,NJD,W,1,2,5,16
nylanwi01,William Nylander,C,2019-10-02,TOR,Home,OTT,W,0,1,3,17
nylanwi01,William Nylander,C,2019-10-04,TOR,Away,CBJ,W,0,1,2,14
nylanwi01,William Nylander,C,2019-10-05,TOR,Home,MTL,L-SO,1,0,4,17
nylanwi01,William Nylander,C,2019-10-07,TOR,Home,STL,L,1,0,4,16
nylanwi01,William Nylander,C,2019-10-10,TOR,Home,TBL,L,0,1,1,15
nylanwi01,William Nylander,C,2019-10-12,TOR,Away,DET,W,0,0,0,17
nylanwi01,William Nylander,C,2019-10-15,TOR,Home,MIN,W,0,0,5,15
nylanwi01,William Nylander,C,2019-10-16,TOR,Away,WSH,L,0,0,2,18
nylanwi01,William Nylander,C,2019-10-19,TOR,Home,BOS,W,0,0,0,17
nylanwi01,William Nylander,C,2019-10-21,TOR,Home,CBJ,L-OT,1,0,2,17
nylanwi01,William Nylander,C,2019-10-22,TOR,Away,BOS,L,0,1,2,19
nylanwi01,William Nylander,C,2019-10-25,TOR,Home,SJS,W,0,1,2,19
nylanwi01,William Nylander,C,2019-10-26,TOR,Away,MTL,L,0,0,1,16
nylanwi01,William Nylander,C,2019-10-29,TOR,Home,WSH,L-OT,0,1,4,21
nylanwi01,William Nylander,C,2019-11-02,TOR,Away,PHI,W,0,0,4,19
nylanwi01,William Nylander,C,2019-11-05,TOR,Home,LAK,W,1,1,1,16
nylanwi01,William Nylander,C,2019-11-07,TOR,Home,VEG,W,0,0,1,18
nylanwi01,William Nylander,C,2019-11-09,TOR,Home,PHI,L-SO,1,1,5,19
nylanwi01,William Nylander,C,2019-11-10,TOR,Away,CHI,L,2,0,4,20
nylanwi01,William Nylander,C,2019-11-13,TOR,Away,NYI,L,1,0,2,18
nylanwi01,William Nylander,C,2019-11-15,TOR,Home,BOS,L,0,1,3,20
nylanwi01,William Nylander,C,2019-11-16,TOR,Away,PIT,L,0,0,2,16
nylanwi01,William Nylander,C,2019-11-19,TOR,Away,VEG,L,0,0,6,19
nylanwi01,William Nylander,C,2019-11-21,TOR,Away,ARI,W,0,1,2,16
nylanwi01,William Nylander,C,2019-11-23,TOR,Away,COL,W,0,1,4,17
nylanwi01,William Nylander,C,2019-11-27,TOR,Away,DET,W,2,0,5,15
nylanwi01,William Nylander,C,2019-11-29,TOR,Away,BUF,L,0,0,4,23
nylanwi01,William Nylander,C,2019-11-30,TOR,Home,BUF,W,1,0,6,17
nylanwi01,William Nylander,C,2019-12-03,TOR,Away,PHI,L,0,0,3,18
nylanwi01,William Nylander,C,2019-12-04,TOR,Home,COL,L,0,0,2,18
millejt01,J.T. Miller,C,2019-10-02,VAN,Away,EDM,L,0,1,0,19
millejt01,J.T. Miller,C,2019-10-05,VAN,Away,CGY,L,0,0,3,19
millejt01,J.T. Miller,C,2019-10-09,VAN,Home,LAK,W,1,3,2,14
millejt01,J.T. Miller,C,2019-10-12,VAN,Home,PHI,W,0,0,0,19
millejt01,J.T. Miller,C,2019-10-15,VAN,Home,DET,W,2,0,4,16
millejt01,J.T. Miller,C,2019-10-17,VAN,Away,STL,W,1,0,4,21
millejt01,J.T. Miller,C,2019-10-19,VAN,Away,NJD,L,0,0,3,22
millejt01,J.T. Miller,C,2019-10-20,VAN,Away,NYR,W,0,0,5,17
millejt01,J.T. Miller,C,2019-10-22,VAN,Away,DET,W,0,2,3,16
millejt01,J.T. Miller,C,2019-10-25,VAN,Home,WSH,L-SO,0,1,3,22
millejt01,J.T. Miller,C,2019-10-28,VAN,Home,FLA,W,2,0,4,16
millejt01,J.T. Miller,C,2019-10-30,VAN,Away,LAK,W,0,1,3,19
millejt01,J.T. Miller,C,2019-11-01,VAN,Away,ANA,L-OT,0,0,3,20
millejt01,J.T. Miller,C,2019-11-02,VAN,Away,SJS,W,0,1,1,15
millejt01,J.T. Miller,C,2019-11-05,VAN,Home,STL,L-OT,0,1,2,21
millejt01,J.T. Miller,C,2019-11-07,VAN,Away,CHI,L,1,0,2,21
millejt01,J.T. Miller,C,2019-11-08,VAN,Away,WPG,L,1,0,1,19
millejt01,J.T. Miller,C,2019-11-10,VAN,Home,NJD,L,0,1,2,22
millejt01,J.T. Miller,C,2019-11-12,VAN,Home,NSH,W,0,0,2,19
millejt01,J.T. Miller,C,2019-11-14,VAN,Home,DAL,L,0,0,0,24
millejt01,J.T. Miller,C,2019-11-16,VAN,Home,COL,L-OT,0,1,4,23
millejt01,J.T. Miller,C,2019-11-19,VAN,Away,DAL,L,0,0,0,20
millejt01,J.T. Miller,C,2019-11-21,VAN,Away,NSH,W,1,1,2,19
millejt01,J.T. Miller,C,2019-11-23,VAN,Away,WSH,W,0,1,7,23
millejt01,J.T. Miller,C,2019-11-25,VAN,Away,PHI,L,1,0,1,23
millejt01,J.T. Miller,C,2019-11-27,VAN,Away,PIT,L,2,0,2,22
millejt01,J.T. Miller,C,2019-11-30,VAN,Away,EDM,W,0,1,2,21
millejt01,J.T. Miller,C,2019-12-01,VAN,Home,EDM,L,0,1,5,21
millejt01,J.T. Miller,C,2019-12-03,VAN,Home,OTT,W,0,1,2,17
perroda01,David Perron,LW,2019-10-02,STL,Home,WSH,L-OT,0,1,3,19
perroda01,David Perron,LW,2019-10-05,STL,Home,DAL,W,1,0,2,16
perroda01,David Perron,LW,2019-10-07,STL,Away,TOR,W,0,1,4,17
perroda01,David Perron,LW,2019-10-10,STL,Away,OTT,W,2,0,4,20
perroda01,David Perron,LW,2019-10-12,STL,Away,MTL,L,0,0,0,16
perroda01,David Perron,LW,2019-10-14,STL,Away,NYI,L-OT,0,0,0,17
perroda01,David Perron,LW,2019-10-17,STL,Home,VAN,L-SO,0,0,1,19
perroda01,David Perron,LW,2019-10-19,STL,Home,MTL,L,1,0,3,16
perroda01,David Perron,LW,2019-10-21,STL,Home,COL,W,1,0,2,15
perroda01,David Perron,LW,2019-10-24,STL,Home,LAK,W,0,1,2,17
perroda01,David Perron,LW,2019-10-26,STL,Away,BOS,L,0,0,2,17
perroda01,David Perron,LW,2019-10-27,STL,Away,DET,W,1,3,2,18
perroda01,David Perron,LW,2019-10-30,STL,Home,MIN,W,0,1,7,16
perroda01,David Perron,LW,2019-11-01,STL,Home,CBJ,W,1,1,2,18
perroda01,David Perron,LW,2019-11-02,STL,Away,MIN,W,0,0,2,19
perroda01,David Perron,LW,2019-11-05,STL,Away,VAN,W,0,0,7,17
perroda01,David Perron,LW,2019-11-06,STL,Away,EDM,W,0,1,3,16
perroda01,David Perron,LW,2019-11-09,STL,Away,CGY,W,1,1,2,20
perroda01,David Perron,LW,2019-11-12,STL,Home,ARI,L-SO,0,0,1,18
perroda01,David Perron,LW,2019-11-15,STL,Away,CBJ,L-OT,0,1,0,22
perroda01,David Perron,LW,2019-11-16,STL,Home,ANA,L,0,0,0,19
perroda01,David Perron,LW,2019-11-19,STL,Home,TBL,W,1,0,4,19
perroda01,David Perron,LW,2019-11-21,STL,Home,CGY,W,1,0,3,17
perroda01,David Perron,LW,2019-11-23,STL,Home,NSH,L,0,1,1,21
perroda01,David Perron,LW,2019-11-25,STL,Away,NSH,L-SO,1,0,3,17
perroda01,David Perron,LW,2019-11-27,STL,Away,TBL,W,0,1,3,16
perroda01,David Perron,LW,2019-11-29,STL,Away,DAL,W,0,2,2,19
perroda01,David Perron,LW,2019-11-30,STL,Home,PIT,W,0,1,2,19
perroda01,David Perron,LW,2019-12-02,STL,Away,CHI,W,0,1,0,15
perroda01,David Perron,LW,2019-12-04,STL,Away,PIT,L,0,0,4,20
scheima01,Mark Scheifele,C,2019-10-03,WPG,Away,NYR,L,1,0,4,24
scheima01,Mark Scheifele,C,2019-10-04,WPG,Away,NJD,W,0,2,0,22
scheima01,Mark Scheifele,C,2019-10-06,WPG,Away,NYI,L,0,0,1,19
scheima01,Mark Scheifele,C,2019-10-08,WPG,Away,PIT,W,0,3,0,18
scheima01,Mark Scheifele,C,2019-10-10,WPG,Home,MIN,W,0,2,1,19
scheima01,Mark Scheifele,C,2019-10-12,WPG,Away,CHI,W,1,0,3,22
scheima01,Mark Scheifele,C,2019-10-13,WPG,Home,PIT,L,1,0,3,21
scheima01,Mark Scheifele,C,2019-10-15,WPG,Home,ARI,L,1,1,5,22
scheima01,Mark Scheifele,C,2019-10-17,WPG,Home,NYI,L,0,0,3,20
scheima01,Mark Scheifele,C,2019-10-20,WPG,Home,EDM,W,0,0,4,25
scheima01,Mark Scheifele,C,2019-10-22,WPG,Home,LAK,L,0,0,2,23
scheima01,Mark Scheifele,C,2019-10-26,WPG,Home,CGY,W,0,1,2,24
scheima01,Mark Scheifele,C,2019-10-29,WPG,Away,ANA,L,0,0,0,23
scheima01,Mark Scheifele,C,2019-11-01,WPG,Away,SJS,W,0,1,1,23
scheima01,Mark Scheifele,C,2019-11-02,WPG,Away,VEG,W,1,0,2,22
scheima01,Mark Scheifele,C,2019-11-05,WPG,Home,NJD,L-SO,0,0,2,24
scheima01,Mark Scheifele,C,2019-11-08,WPG,Home,VAN,W,1,0,3,19
scheima01,Mark Scheifele,C,2019-11-10,WPG,Home,DAL,W,1,0,3,20
scheima01,Mark Scheifele,C,2019-11-12,WPG,Home,COL,L,0,0,2,20
scheima01,Mark Scheifele,C,2019-11-14,WPG,Away,FLA,W,1,2,3,17
scheima01,Mark Scheifele,C,2019-11-16,WPG,Away,TBL,W,0,0,1,21
scheima01,Mark Scheifele,C,2019-11-19,WPG,Away,NSH,W,0,1,0,21
scheima01,Mark Scheifele,C,2019-11-21,WPG,Away,DAL,L,0,1,1,20
scheima01,Mark Scheifele,C,2019-11-23,WPG,Home,CBJ,W,0,0,3,21
scheima01,Mark Scheifele,C,2019-11-27,WPG,Away,SJS,W,1,0,5,17
scheima01,Mark Scheifele,C,2019-11-29,WPG,Away,ANA,W,0,1,0,19
scheima01,Mark Scheifele,C,2019-11-30,WPG,Away,LAK,L,0,0,4,23
scheima01,Mark Scheifele,C,2019-12-03,WPG,Home,DAL,W,1,1,4,21
webersh01,Shea Weber,D,2019-10-03,MTL,Away,CAR,L-SO,0,0,0,24
webersh01,Shea Weber,D,2019-10-05,MTL,Away,TOR,W,0,2,8,26
webersh01,Shea Weber,D,2019-10-09,MTL,Away,BUF,L-OT,0,0,3,25
webersh01,Shea Weber,D,2019-10-10,MTL,Home,DET,L,0,0,4,22
webersh01,Shea Weber,D,2019-10-12,MTL,Home,STL,W,0,0,2,21
webersh01,Shea Weber,D,2019-10-15,MTL,Home,TBL,L,0,0,1,19
webersh01,Shea Weber,D,2019-10-17,MTL,Home,MIN,W,0,1,0,20
webersh01,Shea Weber,D,2019-10-19,MTL,Away,STL,W,1,1,1,21
webersh01,Shea Weber,D,2019-10-20,MTL,Away,MIN,L,0,0,4,22
webersh01,Shea Weber,D,2019-10-24,MTL,Home,SJS,L,0,1,2,23
webersh01,Shea Weber,D,2019-10-26,MTL,Home,TOR,W,0,0,2,22
webersh01,Shea Weber,D,2019-10-30,MTL,Away,ARI,W,1,1,3,20
webersh01,Shea Weber,D,2019-10-31,MTL,Away,VEG,W,0,1,1,23
webersh01,Shea Weber,D,2019-11-02,MTL,Away,DAL,L,0,0,1,21
webersh01,Shea Weber,D,2019-11-05,MTL,Home,BOS,W,0,1,2,23
webersh01,Shea Weber,D,2019-11-07,MTL,Away,PHI,L-OT,1,0,5,23
webersh01,Shea Weber,D,2019-11-09,MTL,Home,LAK,W,2,0,7,25
webersh01,Shea Weber,D,2019-11-12,MTL,Home,CBJ,W,0,1,3,23
webersh01,Shea Weber,D,2019-11-15,MTL,Away,WSH,W,1,1,1,23
webersh01,Shea Weber,D,2019-11-16,MTL,Home,NJD,L-OT,0,1,5,24
webersh01,Shea Weber,D,2019-11-19,MTL,Away,CBJ,L,0,0,4,21
webersh01,Shea Weber,D,2019-11-20,MTL,Home,OTT,L-OT,0,0,3,26
webersh01,Shea Weber,D,2019-11-23,MTL,Home,NYR,L,1,0,5,28
webersh01,Shea Weber,D,2019-11-26,MTL,Home,BOS,L,1,0,2,23
webersh01,Shea Weber,D,2019-11-28,MTL,Home,NJD,L,0,1,5,25
webersh01,Shea Weber,D,2019-11-30,MTL,Home,PHI,L-OT,0,1,3,27
webersh01,Shea Weber,D,2019-12-01,MTL,Away,BOS,L,0,0,5,21
webersh01,Shea Weber,D,2019-12-03,MTL,Home,NYI,W,1,1,3,29
